Process Name;Process Path;Activity Name;Host Name;Count;Peligroso;Etiqueta_Texto;proceso_longitud;tiene_numeros_nombre;nombre_aleatorio;nombre_muy_corto;ruta_appdata;ruta_roaming;ruta_temp;ruta_downloads;ruta_desktop;ruta_system32;ruta_program_files;es_exe;es_dll;es_script;proceso_peligroso_conocido;frecuencia_alta;log_count;hora;dia_semana;es_horario_nocturno
TeamViewer_Service.exe;nan;FortiEDR-Security-PUP-Block;PC-TD241GON2;2;0;NO_PELIGROSO;22;0;0;0;0;0;0;0;0;0;0;1;0;0;0;1;1.0986122886681098;9;4;0
OInstall.exe;nan;FortiEDR-Security-PUP-Block;PC-LEGAL03;6;0;NO_PELIGROSO;12;0;1;0;0;0;0;0;0;0;0;1;0;0;0;1;1.9459101490553132;0;3;1
AnyDesk3ebc.exe;nan;FortiEDR-Security-Malicious-Block;HG-LAPTOP51;3;1;PELIGROSO;15;1;0;0;0;0;0;0;0;0;0;1;0;0;0;1;1.3862943611198906;15;3;0
Ent_Perm.exe;nan;FortiEDR-Security-Malicious-Block;PNSAL5CD4381KPL;1;1;PELIGROSO;12;0;0;0;0;0;0;0;0;0;0;1;0;0;0;0;0.6931471805599453;17;4;0
TnQGwf.exe;nan;FortiEDR-Security-Malicious-Block;PQC01XIBACETA;1;1;PELIGROSO;10;0;0;0;0;0;0;0;0;0;0;1;0;0;0;0;0.6931471805599453;14;1;0
QHActiveDefense.exe;nan;FortiEDR-Security-Suspicious-Block;PQ04R3DESPAPGA;251;1;PELIGROSO;19;0;1;0;0;0;0;0;0;0;0;1;0;0;0;1;5.529429087511423;19;4;0
task.exe;nan;FortiEDR-Security-Malicious-Block;AOTIC01;1;1;PELIGROSO;8;0;0;0;0;0;0;0;0;0;0;1;0;0;0;0;0.6931471805599453;13;2;0
armsvc.exe;nan;FortiEDR-Security-Malicious-Block;PNSAP5CD4381KN0;2;1;PELIGROSO;10;0;0;0;0;0;0;0;0;0;0;1;0;0;0;1;1.0986122886681098;7;1;0
OInstall.exe;nan;FortiEDR-Security-PUP-Block;LT-RRHH45;1;0;NO_PELIGROSO;12;0;1;0;0;0;0;0;0;0;0;1;0;0;0;0;0.6931471805599453;11;2;0
w11mdp.dll;nan;FortiEDR-Security-PUP-Block;QTEGYELOGAPINEDA;3;0;NO_PELIGROSO;10;1;0;0;0;0;0;0;0;0;0;0;1;0;0;1;1.3862943611198906;13;4;0
NwUpdateInstServer.exe;nan;FortiEDR-Security-Malicious-Block;PNSA-SERVER;4;1;PELIGROSO;22;0;1;0;0;0;0;0;0;0;0;1;0;0;0;1;1.6094379124341003;10;4;0
msedge_elf.dll;nan;FortiEDR-Security-Malicious-Block;QTEGYEEPINEDA;1;1;PELIGROSO;14;0;0;0;0;0;0;0;0;0;0;0;1;0;0;0;0.6931471805599453;15;3;0
update.exe;nan;FortiEDR-Security-PUP-Block;PTTRQ22;1;0;NO_PELIGROSO;10;0;0;0;0;0;0;0;0;0;0;1;0;0;0;0;0.6931471805599453;12;4;0
WerFaultSecure.exe;nan;FortiEDR-Security-Malicious-Block;PTGHM03;1;1;PELIGROSO;18;0;1;0;0;0;0;0;0;0;0;1;0;0;0;0;0.6931471805599453;16;2;0
AnyDesk7_MAR22.exe;nan;FortiEDR-Security-PUP-Block;PC-CDVES08;1;0;NO_PELIGROSO;18;1;0;0;0;0;0;0;0;0;0;1;0;0;0;0;0.6931471805599453;18;2;0
OInstall.exe;nan;FortiEDR-Security-PUP-Block;LT-MKT10;2;0;NO_PELIGROSO;12;0;1;0;0;0;0;0;0;0;0;1;0;0;0;1;1.0986122886681098;14;4;0
streamer.exe;nan;FortiEDR-Security-Malicious-Block;PNSA-SERVER;1;1;PELIGROSO;12;0;1;0;0;0;0;0;0;0;0;1;0;0;0;0;0.6931471805599453;15;1;0
PolariumBrokerUpdateService.exe;nan;FortiEDR-Security-PUP-Block;HG-LAPTOP192;2;0;NO_PELIGROSO;31;0;1;0;0;0;0;0;0;0;0;1;0;0;0;1;1.0986122886681098;11;0;0
OInstall.exe;nan;FortiEDR-Security-Malicious-Block;LT-CDVES01;1;1;PELIGROSO;12;0;1;0;0;0;0;0;0;0;0;1;0;0;0;0;0.6931471805599453;11;0;0
java.exe;nan;FortiEDR-Security-PUP-Block;TEC01N;3;0;NO_PELIGROSO;8;0;0;0;0;0;0;0;0;0;0;1;0;0;0;1;1.3862943611198906;12;2;0
powershell.exe;nan;FortiEDR-Security-Suspicious-Block;EQU001-025;1;1;PELIGROSO;14;0;1;0;0;0;0;0;0;0;0;1;0;1;1;0;0.6931471805599453;9;2;0
mysqlauditadmin.exe;nan;FortiEDR-Security-Malicious-Block;PNSAL5CD4381KPL;2;1;PELIGROSO;19;0;1;0;0;0;0;0;0;0;0;1;0;0;0;1;1.0986122886681098;15;4;0
test.dat;nan;FortiEDR-Security-Malicious-Block;LT-VCORP44;1;1;PELIGROSO;8;0;0;0;0;0;0;0;0;0;0;0;0;0;0;0;0.6931471805599453;14;4;0
core.exe;nan;FortiEDR-Security-Suspicious-Block;HG-LAPTOP203;20;1;PELIGROSO;8;0;0;0;0;0;0;0;0;0;0;1;0;0;0;1;3.044522437723423;5;1;1
Act.exe;nan;FortiEDR-Security-Malicious-Block;TEC02N;2;1;PELIGROSO;7;0;0;0;0;0;0;0;0;0;0;1;0;0;0;1;1.0986122886681098;13;0;0
i.exe;nan;FortiEDR-Security-Malicious-Block;PNSA-SERVER;1;1;PELIGROSO;5;0;0;1;0;0;0;0;0;0;0;1;0;0;0;0;0.6931471805599453;20;5;0
FLCL.dll;nan;FortiEDR-Security-Malicious-Block;PNSAL5CD4381KXJ;3;1;PELIGROSO;8;0;0;0;0;0;0;0;0;0;0;0;1;0;0;1;1.3862943611198906;14;4;0
update.exe;nan;FortiEDR-Security-Malicious-Block;LT-ZONAL11;112;1;PELIGROSO;10;0;0;0;0;0;0;0;0;0;0;1;0;0;0;1;4.727387818712341;6;2;1
dllhost.exe;nan;FortiEDR-Security-Malicious-Block;LT-STAMARIA01;82;1;PELIGROSO;11;0;0;0;0;0;0;0;0;0;0;1;0;0;0;1;4.418840607796598;8;5;0
powershell.exe;nan;FortiEDR-Security-Suspicious-Block;QCTPTGTHGUTIERREZ;1;1;PELIGROSO;14;0;1;0;0;0;0;0;0;0;0;1;0;1;1;0;0.6931471805599453;6;2;1
update.exe;nan;FortiEDR-Security-PUP-Block;PTGAN04;1;0;NO_PELIGROSO;10;0;0;0;0;0;0;0;0;0;0;1;0;0;0;0;0.6931471805599453;16;2;0
OInstall.exe;nan;FortiEDR-Security-PUP-Block;LT-CDVES01;1;0;NO_PELIGROSO;12;0;1;0;0;0;0;0;0;0;0;1;0;0;0;0;0.6931471805599453;10;1;0
streamer.exe;nan;FortiEDR-Security-Malicious-Block;PNSA-SERVER;2;1;PELIGROSO;12;0;1;0;0;0;0;0;0;0;0;1;0;0;0;1;1.0986122886681098;20;0;0
update.exe;nan;FortiEDR-Security-Malicious-Block;LT-ZONAL11;98;1;PELIGROSO;10;0;0;0;0;0;0;0;0;0;0;1;0;0;0;1;4.59511985013459;13;6;0
KMSSS.exe;nan;FortiEDR-Security-Malicious-Block;LT-VECORP13;1;1;PELIGROSO;9;0;0;0;0;0;0;0;0;0;0;1;0;0;0;0;0.6931471805599453;9;1;0
TeamViewer_Service.exe;nan;FortiEDR-Security-PUP-Block;PC-TD208VEM01;1;0;NO_PELIGROSO;22;0;0;0;0;0;0;0;0;0;0;1;0;0;0;0;0.6931471805599453;8;0;0
w11mdp.dll;nan;FortiEDR-Security-PUP-Block;LT-VCORP36;17;0;NO_PELIGROSO;10;1;0;0;0;0;0;0;0;0;0;0;1;0;0;1;2.8903717578961645;11;1;0
dllhost.exe;nan;FortiEDR-Security-Suspicious-Block;PQ01R3DRIOS;2;1;PELIGROSO;11;0;0;0;0;0;0;0;0;0;0;1;0;0;0;1;1.0986122886681098;19;4;0
mgwgyeml32.exe;nan;FortiEDR-Security-Suspicious-Block;PC-TD246ADM;12;1;PELIGROSO;14;1;0;0;0;0;0;0;0;0;0;1;0;0;0;1;2.5649493574615367;9;5;0
explorer.exe;nan;FortiEDR-Security-Malicious-Block;PNSAP5CD4381KQQ;3;1;PELIGROSO;12;0;1;0;0;0;0;0;0;0;0;1;0;0;0;1;1.3862943611198906;11;5;0
update.exe;nan;FortiEDR-Security-PUP-Block;PTTRQ22;1;0;NO_PELIGROSO;10;0;0;0;0;0;0;0;0;0;0;1;0;0;0;0;0.6931471805599453;7;1;0
powershell.exe;nan;FortiEDR-Security-Malicious-Block;PTGHM03;1;1;PELIGROSO;14;0;1;0;0;0;0;0;0;0;0;1;0;1;1;0;0.6931471805599453;13;2;0
mimikatz.exe;nan;FortiEDR-Security-Malicious-Block;SRVBEEAMBCKQPE1;1;1;PELIGROSO;12;0;1;0;0;0;0;0;0;0;0;1;0;0;0;0;0.6931471805599453;1;1;1
taskhostw.exe;nan;FortiEDR-Security-Suspicious-Block;PC-TD241GON2;78;1;PELIGROSO;13;0;1;0;0;0;0;0;0;0;0;1;0;0;0;1;4.3694478524670215;21;1;0
java.exe;nan;FortiEDR-Security-PUP-Block;ANTIVIRUS;20;0;NO_PELIGROSO;8;0;0;0;0;0;0;0;0;0;0;1;0;0;0;1;3.044522437723423;17;0;0
$RF2VQMB.exe;nan;FortiEDR-Security-PUP-Block;PC-CDVES51;1;0;NO_PELIGROSO;12;1;0;0;0;0;0;0;0;0;0;1;0;0;0;0;0.6931471805599453;22;0;1
rundll32.exe;nan;FortiEDR-Security-Suspicious-Block;LT-VCORP52;1;1;PELIGROSO;12;1;0;0;0;0;0;0;0;0;0;1;0;0;1;0;0.6931471805599453;10;4;0
abc_clientes.exe;nan;FortiEDR-Security-Malicious-Block;PNSA-SERVER;2;1;PELIGROSO;16;0;0;0;0;0;0;0;0;0;0;1;0;0;0;1;1.0986122886681098;21;5;0
TeamViewer_Service.exe;nan;FortiEDR-Security-PUP-SimulationBlock;EQU003-010;1;0;NO_PELIGROSO;22;0;0;0;0;0;0;0;0;0;0;1;0;0;0;0;0.6931471805599453;12;3;0
tasklist.exe;nan;FortiEDR-Security-Malicious-Block;QCTPTCLMANTJTERMINAL;1;1;PELIGROSO;12;0;1;0;0;0;0;0;0;0;0;1;0;0;0;0;0.6931471805599453;15;3;0
SteamService.exe;nan;FortiEDR-Security-PUP-Block;LT-FIN08;1;0;NO_PELIGROSO;16;0;1;0;0;0;0;0;0;0;0;1;0;0;0;0;0.6931471805599453;23;3;1
ufqtcqfijtogzpbqkqmmw.exe;nan;FortiEDR-Security-Malicious-Block;PNSA-SERVER;1;1;PELIGROSO;25;0;1;0;0;0;0;0;0;0;0;1;0;0;0;0;0.6931471805599453;20;0;0
a_despacho.exe;nan;FortiEDR-Security-Malicious-Block;PNSA-SERVER;1;1;PELIGROSO;14;0;0;0;0;0;0;0;0;0;0;1;0;0;0;0;0.6931471805599453;22;4;1
AnyDesk7_MAR22.exe;nan;FortiEDR-Security-PUP-Block;PC-CDVES08;1;0;NO_PELIGROSO;18;1;0;0;0;0;0;0;0;0;0;1;0;0;0;0;0.6931471805599453;13;5;0
cmd.exe;nan;FortiEDR-Security-Malicious-Block;PQ01FCHAVEZ;56;1;PELIGROSO;7;0;0;0;0;0;0;0;0;0;0;1;0;1;1;1;4.04305126783455;8;1;0
streamer.exe;nan;FortiEDR-Security-Malicious-Block;PNSA-SERVER;1;1;PELIGROSO;12;0;1;0;0;0;0;0;0;0;0;1;0;0;0;0;0.6931471805599453;15;1;0
fgppjc.exe;nan;FortiEDR-Security-Suspicious-Block;VentasExternas1;1;1;PELIGROSO;10;0;0;0;0;0;0;0;0;0;0;1;0;0;0;0;0.6931471805599453;10;2;0
powershell.exe;nan;FortiEDR-Security-Malicious-Block;HG-LAPTOP210;1;1;PELIGROSO;14;0;1;0;0;0;0;0;0;0;0;1;0;1;1;0;0.6931471805599453;7;4;0
NwSapSetup.exe;nan;FortiEDR-Security-Malicious-Block;PNSA-SERVER;2;1;PELIGROSO;14;0;1;0;0;0;0;0;0;0;0;1;0;0;0;1;1.0986122886681098;9;4;0
streamer.exe;nan;FortiEDR-Security-Malicious-Block;PNSA-SERVER;1;1;PELIGROSO;12;0;1;0;0;0;0;0;0;0;0;1;0;0;0;0;0.6931471805599453;20;0;0
OInstall.exe;nan;FortiEDR-Security-PUP-Block;LT-CDVES01;1;0;NO_PELIGROSO;12;0;1;0;0;0;0;0;0;0;0;1;0;0;0;0;0.6931471805599453;10;5;0
OInstall.exe;nan;FortiEDR-Security-PUP-Block;LT-MKT10;2;0;NO_PELIGROSO;12;0;1;0;0;0;0;0;0;0;0;1;0;0;0;1;1.0986122886681098;13;5;0
java.exe;nan;FortiEDR-Security-PUP-Block;IND04D;3;0;NO_PELIGROSO;8;0;0;0;0;0;0;0;0;0;0;1;0;0;0;1;1.3862943611198906;12;6;0
cmd.exe;nan;FortiEDR-Security-Suspicious-Block;BOTQUIMPAC;1;1;PELIGROSO;7;0;0;0;0;0;0;0;0;0;0;1;0;1;1;0;0.6931471805599453;13;0;0
powershell.exe;nan;FortiEDR-Security-Malicious-Block;JorgeHernandez;2;1;PELIGROSO;14;0;1;0;0;0;0;0;0;0;0;1;0;1;1;1;1.0986122886681098;16;1;0
SSPORT.SYS;nan;FortiEDR-Security-Malicious-Block;PC-TD191CHE;1;1;PELIGROSO;10;0;0;0;0;0;0;0;0;0;0;0;0;0;0;0;0.6931471805599453;8;4;0
FortniteClient-Win64-Shipping.exe;nan;FortiEDR-Security-Malicious-Block;LT-AUDIT08;1;1;PELIGROSO;33;1;0;0;0;0;0;0;0;0;0;1;0;0;0;0;0.6931471805599453;16;3;0
TeamViewer.exe;nan;FortiEDR-Security-PUP-Block;PC-TD195ALM;2;0;NO_PELIGROSO;14;0;1;0;0;0;0;0;0;0;0;1;0;0;0;1;1.0986122886681098;12;1;0
steam.exe;nan;FortiEDR-Security-Suspicious-Block;LT-CONT85;5;1;PELIGROSO;9;0;0;0;0;0;0;0;0;0;0;1;0;0;0;1;1.791759469228055;23;5;1
powershell.exe;nan;FortiEDR-Security-Malicious-Block;PQ02R3LABCALIDAD;1;1;PELIGROSO;14;0;1;0;0;0;0;0;0;0;0;1;0;1;1;0;0.6931471805599453;23;6;1
w11mdp.dll;nan;FortiEDR-Security-PUP-Block;PC-TD044SUB;6;0;NO_PELIGROSO;10;1;0;0;0;0;0;0;0;0;0;0;1;0;0;1;1.9459101490553132;11;2;0
streamer.exe;nan;FortiEDR-Security-Malicious-Block;PNSA-SERVER;2;1;PELIGROSO;12;0;1;0;0;0;0;0;0;0;0;1;0;0;0;1;1.0986122886681098;20;0;0
JSiBsgC.exe;nan;FortiEDR-Security-Malicious-Block;PQC01XIBACETA;1;1;PELIGROSO;11;0;0;0;0;0;0;0;0;0;0;1;0;0;0;0;0.6931471805599453;19;6;0
AnyDesk (1).exe;nan;FortiEDR-Security-PUP-Block;PC-TD026CJR02;2;0;NO_PELIGROSO;15;1;0;0;0;0;0;0;0;0;0;1;0;0;0;1;1.0986122886681098;18;6;0
Set-up.exe;nan;FortiEDR-Security-Malicious-Block;PC-MKT09;1;1;PELIGROSO;10;0;0;0;0;0;0;0;0;0;0;1;0;0;0;0;0.6931471805599453;16;3;0
recoverit_setup_full4202.exe;nan;FortiEDR-Security-Malicious-Block;PNSA-SERVER;2;1;PELIGROSO;28;1;0;0;0;0;0;0;0;0;0;1;0;0;0;1;1.0986122886681098;13;0;0
$RF38PHY.exe;nan;FortiEDR-Security-PUP-Block;PNSAL5CD4381KV2;6;0;NO_PELIGROSO;12;1;0;0;0;0;0;0;0;0;0;1;0;0;0;1;1.9459101490553132;17;6;0
RobloxPlayerBeta.exe;nan;FortiEDR-Security-Malicious-Block;PQ01NRODRIGUEZ;12;1;PELIGROSO;20;0;1;0;0;0;0;0;0;0;0;1;0;0;0;1;2.5649493574615367;15;2;0
core.exe;nan;FortiEDR-Security-Suspicious-Block;HG-LAPTOP65;6;1;PELIGROSO;8;0;0;0;0;0;0;0;0;0;0;1;0;0;0;1;1.9459101490553132;10;4;0
OInstall.exe;nan;FortiEDR-Security-PUP-Block;LT-VMAY08A;2;0;NO_PELIGROSO;12;0;1;0;0;0;0;0;0;0;0;1;0;0;0;1;1.0986122886681098;9;2;0
IObitUnlocker.sys;nan;FortiEDR-Security-PUP-Block;CHILE-MMARTINEZ;1;0;NO_PELIGROSO;17;0;0;0;0;0;0;0;0;0;0;0;0;0;0;0;0.6931471805599453;11;0;0
produccion.exE;nan;FortiEDR-Security-Malicious-Block;PNSA-SERVER;1;1;PELIGROSO;14;0;1;0;0;0;0;0;0;0;0;0;0;0;0;0;0.6931471805599453;22;4;1
radnewage.exe;nan;FortiEDR-Security-Malicious-Block;PNSA-SERVER;1;1;PELIGROSO;13;0;1;0;0;0;0;0;0;0;0;1;0;0;0;0;0.6931471805599453;21;5;0
$RN4BKXE.exe;nan;FortiEDR-Security-PUP-Block;PQ02FNUNEZ;5;0;NO_PELIGROSO;12;1;0;0;0;0;0;0;0;0;0;1;0;0;0;1;1.791759469228055;11;3;0
WerFaultSecure.exe;nan;FortiEDR-Security-Malicious-Block;HG-LAPTOP183;2;1;PELIGROSO;18;0;1;0;0;0;0;0;0;0;0;1;0;0;0;1;1.0986122886681098;9;4;0
dllhost.exe;nan;FortiEDR-Security-Suspicious-Block;PNSAL5CD437PMSH;3;1;PELIGROSO;11;0;0;0;0;0;0;0;0;0;0;1;0;0;0;1;1.3862943611198906;14;0;0
AnyDesk (1).exe;nan;FortiEDR-Security-PUP-Block;PC-TD026ADM;3;0;NO_PELIGROSO;15;1;0;0;0;0;0;0;0;0;0;1;0;0;0;1;1.3862943611198906;13;4;0
update.exe;nan;FortiEDR-Security-PUP-Block;PTTRQ22;1;0;NO_PELIGROSO;10;0;0;0;0;0;0;0;0;0;0;1;0;0;0;0;0.6931471805599453;12;1;0
NwSapSetupDs.exe;nan;FortiEDR-Security-Malicious-Block;PNSA-SERVER;1;1;PELIGROSO;16;0;1;0;0;0;0;0;0;0;0;1;0;0;0;0;0.6931471805599453;20;0;0
kvudwmtgiioerwjolhjun.exe;nan;FortiEDR-Security-Malicious-Block;PNSA-SERVER;1;1;PELIGROSO;25;0;1;0;0;0;0;0;0;0;0;1;0;0;0;0;0.6931471805599453;0;5;1
RobloxPlayerBeta.exe;nan;FortiEDR-Security-Malicious-Block;PQ02DLINARES;2;1;PELIGROSO;20;0;1;0;0;0;0;0;0;0;0;1;0;0;0;1;1.0986122886681098;12;6;0
taskhostw.exe;nan;FortiEDR-Security-Suspicious-Block;LT-INT07;1;1;PELIGROSO;13;0;1;0;0;0;0;0;0;0;0;1;0;0;0;0;0.6931471805599453;14;3;0
Dell.TechHub.DataManager.SubAgent.exe;nan;FortiEDR-Security-Suspicious-Block;HG-DESKTOP190;1;1;PELIGROSO;37;0;0;0;0;0;0;0;0;0;0;1;0;0;0;0;0.6931471805599453;1;2;1
FEPWebHostExtension.exe;nan;FortiEDR-Security-PUP-Block;PA-CORP-LT-01;1;0;NO_PELIGROSO;23;0;1;0;0;0;0;0;0;0;0;1;0;0;0;0;0.6931471805599453;8;0;0
OInstall.exe;nan;FortiEDR-Security-PUP-Block;LT-CDVES01;1;0;NO_PELIGROSO;12;0;1;0;0;0;0;0;0;0;0;1;0;0;0;0;0.6931471805599453;9;2;0
AnyDesk3ebc.exe;nan;FortiEDR-Security-Malicious-Block;HG-LAPTOP77;2;1;PELIGROSO;15;1;0;0;0;0;0;0;0;0;0;1;0;0;0;1;1.0986122886681098;10;2;0
AnyDesk3ebc.exe;nan;FortiEDR-Security-Malicious-Block;HG-LAPTOP51;1;1;PELIGROSO;15;1;0;0;0;0;0;0;0;0;0;1;0;0;0;0;0.6931471805599453;14;3;0
AnyDesk (2).exe;nan;FortiEDR-Security-PUP-Block;PNSA1L0536;4;0;NO_PELIGROSO;15;1;0;0;0;0;0;0;0;0;0;1;0;0;0;1;1.6094379124341003;13;1;0
NitroPDF.exe;nan;FortiEDR-Security-Malicious-Block;DESKTOP-IT2J2AF;1;1;PELIGROSO;12;0;1;0;0;0;0;0;0;0;0;1;0;0;0;0;0.6931471805599453;16;4;0
officedeploymenttool_15225-20204 (1).exe;nan;FortiEDR-Security-Malicious-Block;PNSAL5CD4381KPL;1;1;PELIGROSO;40;1;0;0;0;0;0;0;0;0;0;1;0;0;0;0;0.6931471805599453;16;4;0
streamer.exe;nan;FortiEDR-Security-Malicious-Block;PNSA-SERVER;3;1;PELIGROSO;12;0;1;0;0;0;0;0;0;0;0;1;0;0;0;1;1.3862943611198906;15;1;0
OInstall.exe;nan;FortiEDR-Security-PUP-Block;LT-MKT10;1;0;NO_PELIGROSO;12;0;1;0;0;0;0;0;0;0;0;1;0;0;0;0;0.6931471805599453;10;4;0
TeamViewer_Service.exe;nan;FortiEDR-Security-PUP-Block;PC-TD250VMOST01;1;0;NO_PELIGROSO;22;0;0;0;0;0;0;0;0;0;0;1;0;0;0;0;0.6931471805599453;10;2;0
NwSnapshot64.exe;nan;FortiEDR-Security-Malicious-Block;PNSA-SERVER;1;1;PELIGROSO;16;1;0;0;0;0;0;0;0;0;0;1;0;0;0;0;0.6931471805599453;20;0;0
windows-update-for-internet-explorer-5.5-installer_2R6q-l1.exe;nan;FortiEDR-Security-Malicious-Block;QTEGYELOG1123;8;1;PELIGROSO;62;1;0;0;0;0;0;0;0;0;0;1;0;0;0;1;2.1972245773362196;14;3;0
OInstall.exe;nan;FortiEDR-Security-Malicious-Block;LT-RRHH37;1;1;PELIGROSO;12;0;1;0;0;0;0;0;0;0;0;1;0;0;0;0;0.6931471805599453;16;0;0
sapcnsl.exe;nan;FortiEDR-Security-Malicious-Block;PNSA-SERVER;1;1;PELIGROSO;11;0;0;0;0;0;0;0;0;0;0;1;0;0;0;0;0.6931471805599453;20;5;0
ChromeSetup.exe;nan;FortiEDR-Security-Malicious-Block;PNSAL5CD4381KPL;1;1;PELIGROSO;15;0;1;0;0;0;0;0;0;0;0;1;0;0;0;0;0.6931471805599453;16;4;0
explorer.exe;nan;FortiEDR-Security-Malicious-Block;PC-TD52VMOST01;1;1;PELIGROSO;12;0;1;0;0;0;0;0;0;0;0;1;0;0;0;0;0.6931471805599453;18;0;0
$RF38PHY.exe;nan;FortiEDR-Security-PUP-Block;PNSAL5CD4381KV2;1;0;NO_PELIGROSO;12;1;0;0;0;0;0;0;0;0;0;1;0;0;0;0;0.6931471805599453;20;6;0
OUTLOOK.EXE;nan;FortiEDR-Security-Suspicious-Block;SV-SAL1-L045;1;1;PELIGROSO;11;0;0;0;0;0;0;0;0;0;0;0;0;0;0;0;0.6931471805599453;17;0;0
ftmo5setup.exe;nan;FortiEDR-Security-PUP-Block;PA-SIST-LT-01;1;0;NO_PELIGROSO;14;1;0;0;0;0;0;0;0;0;0;1;0;0;0;0;0.6931471805599453;8;0;0
KMSAuto++ x64.exe;nan;FortiEDR-Security-Malicious-Block;PC-TD060ADM;1;1;PELIGROSO;17;1;0;0;0;0;0;0;0;0;0;1;0;0;0;0;0.6931471805599453;15;2;0
taskhostw.exe;nan;FortiEDR-Security-Suspicious-Block;LT-VCORP29;3;1;PELIGROSO;13;0;1;0;0;0;0;0;0;0;0;1;0;0;0;1;1.3862943611198906;11;6;0
vikamdjhn.exe;nan;FortiEDR-Security-Suspicious-Block;PC-TD96VEXT01;333;1;PELIGROSO;13;0;1;0;0;0;0;0;0;0;0;1;0;0;0;1;5.811140992976701;14;6;0
KMSSS.exe;nan;FortiEDR-Security-Malicious-Block;LT-CRED30;1;1;PELIGROSO;9;0;0;0;0;0;0;0;0;0;0;1;0;0;0;0;0.6931471805599453;21;0;0
tasklist.exe;nan;FortiEDR-Security-Malicious-Block;EQU001-050;1;1;PELIGROSO;12;0;1;0;0;0;0;0;0;0;0;1;0;0;0;0;0.6931471805599453;14;2;0
update.exe;nan;FortiEDR-Security-PUP-Block;LT-MKT10;2;0;NO_PELIGROSO;10;0;0;0;0;0;0;0;0;0;0;1;0;0;0;1;1.0986122886681098;11;2;0
WerFault.exe;nan;FortiEDR-Security-Malicious-Block;LT-CRED22;1;1;PELIGROSO;12;0;1;0;0;0;0;0;0;0;0;1;0;0;0;0;0.6931471805599453;6;4;1
Dell.UCA.Manager.exe;nan;FortiEDR-Security-Suspicious-Block;HG-LAPTOP190;19;1;PELIGROSO;20;0;0;0;0;0;0;0;0;0;0;1;0;0;0;1;2.995732273553991;14;1;0
OInstall.exe;nan;FortiEDR-Security-PUP-Block;LT-CDVES01;1;0;NO_PELIGROSO;12;0;1;0;0;0;0;0;0;0;0;1;0;0;0;0;0.6931471805599453;9;2;0
powershell.exe;nan;FortiEDR-Security-Suspicious-Block;EQU001-025;1;1;PELIGROSO;14;0;1;0;0;0;0;0;0;0;0;1;0;1;1;0;0.6931471805599453;11;2;0
Maxthon.exe;nan;FortiEDR-Security-Suspicious-Block;PNSA1P00455t;2;1;PELIGROSO;11;0;0;0;0;0;0;0;0;0;0;1;0;0;0;1;1.0986122886681098;17;0;0
BWYrlFx.wsf;nan;FortiEDR-Security-Malicious-Block;PQC01XIBACETA;2;1;PELIGROSO;11;0;0;0;0;0;0;0;0;0;0;0;0;0;0;1;1.0986122886681098;16;4;0
dllhost.exe;nan;FortiEDR-Security-Suspicious-Block;PQ01R3DRIOS;3;1;PELIGROSO;11;0;0;0;0;0;0;0;0;0;0;1;0;0;0;1;1.3862943611198906;9;3;0
w11mdp.dll;nan;FortiEDR-Security-PUP-Block;LT-VCORP36;1;0;NO_PELIGROSO;10;1;0;0;0;0;0;0;0;0;0;0;1;0;0;0;0.6931471805599453;10;2;0
powershell.exe;nan;FortiEDR-Security-Suspicious-Block;COME24L;3;1;PELIGROSO;14;0;1;0;0;0;0;0;0;0;0;1;0;1;1;1;1.3862943611198906;13;2;0
OInstall.exe;nan;FortiEDR-Security-PUP-Block;LT-MKT10;2;0;NO_PELIGROSO;12;0;1;0;0;0;0;0;0;0;0;1;0;0;0;1;1.0986122886681098;9;1;0
explorer.exe;nan;FortiEDR-Security-Malicious-Block;HG-LAPTOP95;1;1;PELIGROSO;12;0;1;0;0;0;0;0;0;0;0;1;0;0;0;0;0.6931471805599453;8;3;0
streamer.exe;nan;FortiEDR-Security-Malicious-Block;PNSA-SERVER;1;1;PELIGROSO;12;0;1;0;0;0;0;0;0;0;0;1;0;0;0;0;0.6931471805599453;15;1;0
SteamService.exe;nan;FortiEDR-Security-PUP-Block;PNSAL5CD4381KXK;3;0;NO_PELIGROSO;16;0;1;0;0;0;0;0;0;0;0;1;0;0;0;1;1.3862943611198906;9;6;0
powershell.exe;nan;FortiEDR-Security-Malicious-Block;PQ01LBMEMBRANA2;1;1;PELIGROSO;14;0;1;0;0;0;0;0;0;0;0;1;0;1;1;0;0.6931471805599453;14;5;0
inpoutx64.sys;nan;FortiEDR-Security-Malicious-Block;HG-DESKTOP197;1;1;PELIGROSO;13;1;0;0;0;0;0;0;0;0;0;0;0;0;0;0;0.6931471805599453;5;4;1
OInstall.exe;nan;FortiEDR-Security-PUP-Block;LT-VCORP38;1;0;NO_PELIGROSO;12;0;1;0;0;0;0;0;0;0;0;1;0;0;0;0;0.6931471805599453;10;5;0
AnyDesk (1).exe;nan;FortiEDR-Security-PUP-Block;PC-CDVES08;1;0;NO_PELIGROSO;15;1;0;0;0;0;0;0;0;0;0;1;0;0;0;0;0.6931471805599453;16;6;0
streamer.exe;nan;FortiEDR-Security-Malicious-Block;PNSA-SERVER;1;1;PELIGROSO;12;0;1;0;0;0;0;0;0;0;0;1;0;0;0;0;0.6931471805599453;0;5;1
streamer.exe;nan;FortiEDR-Security-Malicious-Block;PNSA-SERVER;1;1;PELIGROSO;12;0;1;0;0;0;0;0;0;0;0;1;0;0;0;0;0.6931471805599453;20;5;0
tasklist.exe;nan;FortiEDR-Security-Malicious-Block;EQU001-046;5;1;PELIGROSO;12;0;1;0;0;0;0;0;0;0;0;1;0;0;0;1;1.791759469228055;8;0;0
OInstall.exe;nan;FortiEDR-Security-PUP-Block;LT-CDVES01;1;0;NO_PELIGROSO;12;0;1;0;0;0;0;0;0;0;0;1;0;0;0;0;0.6931471805599453;11;2;0
webplugin.exe;nan;FortiEDR-Security-Malicious-Block;PC-TD021ADM;9;1;PELIGROSO;13;0;1;0;0;0;0;0;0;0;0;1;0;0;0;1;2.302585092994046;21;1;0
Greenshot-INSTALLER-1.2.10.6-RELEASE.exe;nan;FortiEDR-Security-Malicious-Block;PNSA-SERVER;3;1;PELIGROSO;40;1;0;0;0;0;0;0;0;0;0;1;0;0;0;1;1.3862943611198906;19;0;0
Internet-Start.exe;nan;FortiEDR-Security-Malicious-Block;PNSA6S0035;1;1;PELIGROSO;18;0;0;0;0;0;0;0;0;0;0;1;0;0;0;0;0.6931471805599453;13;4;0
Dell.TechHub.Instrumentation.SubAgent.exe;nan;FortiEDR-Security-Suspicious-Block;HG-LAPTOP89;1;1;PELIGROSO;41;0;0;0;0;0;0;0;0;0;0;1;0;0;0;0;0.6931471805599453;8;4;0
pilarbasic_620_es.exe;nan;FortiEDR-Security-Malicious-Block;PNSAL5CD4381KPL;2;1;PELIGROSO;21;1;0;0;0;0;0;0;0;0;0;1;0;0;0;1;1.0986122886681098;15;4;0
explorer.exe;nan;FortiEDR-Security-Malicious-Block;LT-COMP73;1;1;PELIGROSO;12;0;1;0;0;0;0;0;0;0;0;1;0;0;0;0;0.6931471805599453;12;1;0
OInstall.exe;nan;FortiEDR-Security-PUP-Block;LT-MKT10;1;0;NO_PELIGROSO;12;0;1;0;0;0;0;0;0;0;0;1;0;0;0;0;0.6931471805599453;9;0;0
Multilingual-PackageiVMS-4200_3.5.0.4.exe;nan;FortiEDR-Security-Malicious-Block;CCHOQUEPURA;1;1;PELIGROSO;41;1;0;0;0;0;0;0;0;0;0;1;0;0;0;0;0.6931471805599453;9;2;0
WerFaultSecure.exe;nan;FortiEDR-Security-Malicious-Block;PTTRQ34;1;1;PELIGROSO;18;0;1;0;0;0;0;0;0;0;0;1;0;0;0;0;0.6931471805599453;12;4;0
TeamViewer_Service.exe;nan;FortiEDR-Security-PUP-Block;PC-TD241GON2;3;0;NO_PELIGROSO;22;0;0;0;0;0;0;0;0;0;0;1;0;0;0;1;1.3862943611198906;9;0;0
OInstall.exe;nan;FortiEDR-Security-Malicious-Block;PC-TD215GON01;1;1;PELIGROSO;12;0;1;0;0;0;0;0;0;0;0;1;0;0;0;0;0.6931471805599453;2;6;1
explorer.exe;nan;FortiEDR-Security-Malicious-Block;PQ02R3MPASION;1;1;PELIGROSO;12;0;1;0;0;0;0;0;0;0;0;1;0;0;0;0;0.6931471805599453;12;5;0
ProduKey.exe;nan;FortiEDR-Security-Malicious-Block;SERVNT;6;1;PELIGROSO;12;0;1;0;0;0;0;0;0;0;0;1;0;0;0;1;1.9459101490553132;17;2;0
OInstall.exe;nan;FortiEDR-Security-PUP-Block;LT-CDVES01;2;0;NO_PELIGROSO;12;0;1;0;0;0;0;0;0;0;0;1;0;0;0;1;1.0986122886681098;19;3;0
update.exe;nan;FortiEDR-Security-PUP-Block;LT-MKT10;1;0;NO_PELIGROSO;10;0;0;0;0;0;0;0;0;0;0;1;0;0;0;0;0.6931471805599453;5;0;1
1319548146.ico;nan;FortiEDR-Security-PUP-Block;PQ02TOBREGON;1;0;NO_PELIGROSO;14;1;0;0;0;0;0;0;0;0;0;0;0;0;0;0;0.6931471805599453;8;0;0
powershell.exe;nan;FortiEDR-Security-Malicious-Block;PTGHM03;1;1;PELIGROSO;14;0;1;0;0;0;0;0;0;0;0;1;0;1;1;0;0.6931471805599453;17;2;0
cmd.exe;nan;FortiEDR-Security-Malicious-Block;CI-SUPPLY-LT-01;1;1;PELIGROSO;7;0;0;0;0;0;0;0;0;0;0;1;0;1;1;0;0.6931471805599453;15;3;0
cpuchecker.exe;nan;FortiEDR-Security-Malicious-Block;SERVNT;6;1;PELIGROSO;14;0;1;0;0;0;0;0;0;0;0;1;0;0;0;1;1.9459101490553132;17;2;0
steamservice.exe;nan;FortiEDR-Security-PUP-Block;PNSAL5CD4381KXK;2;0;NO_PELIGROSO;16;0;1;0;0;0;0;0;0;0;0;1;0;0;0;1;1.0986122886681098;23;3;1
rundll32.exe;nan;FortiEDR-Security-Suspicious-Block;LT-LEGAL12;1;1;PELIGROSO;12;1;0;0;0;0;0;0;0;0;0;1;0;0;1;0;0.6931471805599453;9;1;0
bkppowersap.exe;nan;FortiEDR-Security-Malicious-Block;PNSA-SERVER;4;1;PELIGROSO;15;0;1;0;0;0;0;0;0;0;0;1;0;0;0;1;1.6094379124341003;21;5;0
python.exe;nan;FortiEDR-Security-Malicious-Block;PC-TD021ADM;3;1;PELIGROSO;10;0;0;0;0;0;0;0;0;0;0;1;0;0;0;1;1.3862943611198906;6;4;1
AA_v3.exe;nan;FortiEDR-Security-Malicious-Block;PNSA-SERVER;3913;1;PELIGROSO;9;1;0;0;0;0;0;0;0;0;0;1;0;0;0;1;8.272315147956022;4;0;1
powershell.exe;nan;FortiEDR-Security-Malicious-Block;PTGHM03;2;1;PELIGROSO;14;0;1;0;0;0;0;0;0;0;0;1;0;1;1;1;1.0986122886681098;15;1;0
AnyDesk7_MAR22.exe;nan;FortiEDR-Security-PUP-Block;LT-RRHH65;2;0;NO_PELIGROSO;18;1;0;0;0;0;0;0;0;0;0;1;0;0;0;1;1.0986122886681098;15;1;0
steam.exe;nan;FortiEDR-Security-Suspicious-Block;LT-CONT85;3;1;PELIGROSO;9;0;0;0;0;0;0;0;0;0;0;1;0;0;0;1;1.3862943611198906;22;5;1
powershell.exe;nan;FortiEDR-Security-Suspicious-Block;EQU001-033;1;1;PELIGROSO;14;0;1;0;0;0;0;0;0;0;0;1;0;1;1;0;0.6931471805599453;8;6;0
powershell.exe;nan;FortiEDR-Security-Suspicious-Block;COME25L;1;1;PELIGROSO;14;0;1;0;0;0;0;0;0;0;0;1;0;1;1;0;0.6931471805599453;8;0;0
TeamViewer_Service.exe;nan;FortiEDR-Security-PUP-Block;PC-TD250VMOST01;1;0;NO_PELIGROSO;22;0;0;0;0;0;0;0;0;0;0;1;0;0;0;0;0.6931471805599453;9;5;0
almacen_materia_prima.exe;nan;FortiEDR-Security-PUP-Block;PROD18D;1;0;NO_PELIGROSO;25;0;0;0;0;0;0;0;0;0;0;1;0;0;0;0;0.6931471805599453;19;3;0
Maxthon.exe;nan;FortiEDR-Security-Suspicious-Block;PNSA1P00455t;6;1;PELIGROSO;11;0;0;0;0;0;0;0;0;0;0;1;0;0;0;1;1.9459101490553132;17;2;0
armsvc.exe;nan;FortiEDR-Security-Malicious-Block;PNSA1P0246;3;1;PELIGROSO;10;0;0;0;0;0;0;0;0;0;0;1;0;0;0;1;1.3862943611198906;8;1;0
LSDriveDetect.exe;nan;FortiEDR-Security-Malicious-Block;PNSAL5CD4381KPL;1;1;PELIGROSO;17;0;1;0;0;0;0;0;0;0;0;1;0;0;0;0;0.6931471805599453;15;4;0
OInstall.exe;nan;FortiEDR-Security-PUP-Block;LT-MKT10;6;0;NO_PELIGROSO;12;0;1;0;0;0;0;0;0;0;0;1;0;0;0;1;1.9459101490553132;13;1;0
FortiSSLVPNdaemon.exe;nan;FortiEDR-Security-Malicious-Block;LAPTOP-6KNJ66G9;1;1;PELIGROSO;21;0;1;0;0;0;0;0;0;0;0;1;0;0;0;0;0.6931471805599453;12;3;0
windows-update-for-internet-explorer-5.5-installer_2R6q-l1.exe;nan;FortiEDR-Security-Malicious-Block;QTEGYELOG1123;13;1;PELIGROSO;62;1;0;0;0;0;0;0;0;0;0;1;0;0;0;1;2.6390573296152584;14;3;0
OInstall.exe;nan;FortiEDR-Security-PUP-Block;LT-MKT10;4;0;NO_PELIGROSO;12;0;1;0;0;0;0;0;0;0;0;1;0;0;0;1;1.6094379124341003;3;5;1
KMSAuto++.exe;nan;FortiEDR-Security-Malicious-Block;KP-41543251;1;1;PELIGROSO;13;0;0;0;0;0;0;0;0;0;0;1;0;0;0;0;0.6931471805599453;15;0;0
core.exe;nan;FortiEDR-Security-Suspicious-Block;HG-LAPTOP151;17;1;PELIGROSO;8;0;0;0;0;0;0;0;0;0;0;1;0;0;0;1;2.8903717578961645;13;0;0
OInstall.exe;nan;FortiEDR-Security-PUP-Block;LT-CDVES01;3;0;NO_PELIGROSO;12;0;1;0;0;0;0;0;0;0;0;1;0;0;0;1;1.3862943611198906;10;5;0
TeamViewer_Service.exe;nan;FortiEDR-Security-PUP-Block;CAJAMAYORISTA01;1;0;NO_PELIGROSO;22;0;0;0;0;0;0;0;0;0;0;1;0;0;0;0;0.6931471805599453;16;1;0
enviar_boleta.exe;nan;FortiEDR-Security-Malicious-Block;SV-SAL1-L038;2;1;PELIGROSO;17;0;0;0;0;0;0;0;0;0;0;1;0;0;0;1;1.0986122886681098;6;4;1
OInstall.exe;nan;FortiEDR-Security-PUP-Block;LT-CDVES01;2;0;NO_PELIGROSO;12;0;1;0;0;0;0;0;0;0;0;1;0;0;0;1;1.0986122886681098;11;5;0
mgwgyeml32.exe;nan;FortiEDR-Security-Suspicious-Block;PC-TD36CJR03;65;1;PELIGROSO;14;1;0;0;0;0;0;0;0;0;0;1;0;0;0;1;4.189654742026425;9;2;0
aTube_Catcher.exe;nan;FortiEDR-Security-Malicious-Block;EQU001-042;5;1;PELIGROSO;17;0;0;0;0;0;0;0;0;0;0;1;0;0;0;1;1.791759469228055;20;2;0
streamer.exe;nan;FortiEDR-Security-Malicious-Block;PNSA-SERVER;1;1;PELIGROSO;12;0;1;0;0;0;0;0;0;0;0;1;0;0;0;0;0.6931471805599453;0;5;1
Max Steel 2013 Style Guide PC.exe;nan;FortiEDR-Security-Malicious-Block;PNSA-SERVER;5;1;PELIGROSO;33;1;0;0;0;0;0;0;0;0;0;1;0;0;0;1;1.791759469228055;0;3;1
explorer.exe;nan;FortiEDR-Security-Malicious-Block;QECGYEENFMVALENCIA;1;1;PELIGROSO;12;0;1;0;0;0;0;0;0;0;0;1;0;0;0;0;0.6931471805599453;12;5;0
cmd.exe;nan;FortiEDR-Security-Malicious-Block;MNT01D;2;1;PELIGROSO;7;0;0;0;0;0;0;0;0;0;0;1;0;1;1;1;1.0986122886681098;6;1;1
rundll32.exe;nan;FortiEDR-Security-Suspicious-Block;HG-LAPTOP169;1;1;PELIGROSO;12;1;0;0;0;0;0;0;0;0;0;1;0;0;1;0;0.6931471805599453;7;0;0
armsvc.exe;nan;FortiEDR-Security-Malicious-Block;PNSA1P0246;15;1;PELIGROSO;10;0;0;0;0;0;0;0;0;0;0;1;0;0;0;1;2.772588722239781;9;1;0
tasklist.exe;nan;FortiEDR-Security-Malicious-Block;PQ01APAJUELO;5;1;PELIGROSO;12;0;1;0;0;0;0;0;0;0;0;1;0;0;0;1;1.791759469228055;10;4;0
setup.exe;nan;FortiEDR-Security-Malicious-Block;PNSA-SERVER;2;1;PELIGROSO;9;0;0;0;0;0;0;0;0;0;0;1;0;0;0;1;1.0986122886681098;23;2;1
streamer.exe;nan;FortiEDR-Security-Malicious-Block;PNSA-SERVER;1;1;PELIGROSO;12;0;1;0;0;0;0;0;0;0;0;1;0;0;0;0;0.6931471805599453;0;5;1
tasklist.exe;nan;FortiEDR-Security-Malicious-Block;EQU001-046;5;1;PELIGROSO;12;0;1;0;0;0;0;0;0;0;0;1;0;0;0;1;1.791759469228055;8;1;0
SETUP.EXE;nan;FortiEDR-Security-Malicious-Block;PNSA-SERVER;5;1;PELIGROSO;9;0;0;0;0;0;0;0;0;0;0;0;0;0;0;1;1.791759469228055;22;3;1
WerFault.exe;nan;FortiEDR-Security-Malicious-Block;LT-CRED22;2;1;PELIGROSO;12;0;1;0;0;0;0;0;0;0;0;1;0;0;0;1;1.0986122886681098;11;4;0
BrShim32.dll;nan;FortiEDR-Security-Malicious-Block;OlgaLopez;2;1;PELIGROSO;12;1;0;0;0;0;0;0;0;0;0;0;1;0;0;1;1.0986122886681098;21;0;0
TnQGwf.exe;nan;FortiEDR-Security-Malicious-Block;PQC01XIBACETA;1;1;PELIGROSO;10;0;0;0;0;0;0;0;0;0;0;1;0;0;0;0;0.6931471805599453;6;2;1
core.exe;nan;FortiEDR-Security-Suspicious-Block;HG-LAPTOP203;2;1;PELIGROSO;8;0;0;0;0;0;0;0;0;0;0;1;0;0;0;1;1.0986122886681098;5;3;1
cscript.exe;nan;FortiEDR-Security-Suspicious-Block;HG-LAPTOP98;1;1;PELIGROSO;11;0;0;0;0;0;0;0;0;0;0;1;0;1;1;0;0.6931471805599453;6;0;1
inpoutx64.sys;nan;FortiEDR-Security-Malicious-Block;HG-DESKTOP197;1;1;PELIGROSO;13;1;0;0;0;0;0;0;0;0;0;0;0;0;0;0;0.6931471805599453;22;3;1
Reset_Epson_L395.exe;nan;FortiEDR-Security-Malicious-Block;EQU001-013;1;1;PELIGROSO;20;1;0;0;0;0;0;0;0;0;0;1;0;0;0;0;0.6931471805599453;9;1;0
powershell.exe;nan;FortiEDR-Security-Malicious-Block;PNSA1L531;2;1;PELIGROSO;14;0;1;0;0;0;0;0;0;0;0;1;0;1;1;1;1.0986122886681098;8;2;0
SapBiPcsSetup.exe;nan;FortiEDR-Security-Malicious-Block;PNSA-SERVER;3;1;PELIGROSO;17;0;1;0;0;0;0;0;0;0;0;1;0;0;0;1;1.3862943611198906;9;4;0
FortniteClient-Win64-Shipping.exe;nan;FortiEDR-Security-Malicious-Block;LT-AUDIT08;1;1;PELIGROSO;33;1;0;0;0;0;0;0;0;0;0;1;0;0;0;0;0.6931471805599453;2;4;1
update.exe;nan;FortiEDR-Security-Suspicious-Block;PC-TD209CJR02;11;1;PELIGROSO;10;0;0;0;0;0;0;0;0;0;0;1;0;0;0;1;2.4849066497880004;17;3;0
Dell.UCA.Manager.exe;nan;FortiEDR-Security-Suspicious-Block;HG-LAPTOP190;21;1;PELIGROSO;20;0;0;0;0;0;0;0;0;0;0;1;0;0;0;1;3.091042453358316;8;0;0
SISTALM.EXE;nan;FortiEDR-Security-Malicious-Block;PNSA-SERVER;1;1;PELIGROSO;11;0;0;0;0;0;0;0;0;0;0;0;0;0;0;0;0.6931471805599453;22;3;1
iKernel.exe;nan;FortiEDR-Security-Malicious-Block;PC-TD231CAJAM;18;1;PELIGROSO;11;0;0;0;0;0;0;0;0;0;0;1;0;0;0;1;2.9444389791664403;12;0;0
Dell.TechHub.DataManager.SubAgent.exe;nan;FortiEDR-Security-Suspicious-Block;HG-LAPTOP200;16;1;PELIGROSO;37;0;0;0;0;0;0;0;0;0;0;1;0;0;0;1;2.833213344056216;13;3;0
TeamViewer_Service.exe;nan;FortiEDR-Security-PUP-Block;CAJAMAYORISTA01;1;0;NO_PELIGROSO;22;0;0;0;0;0;0;0;0;0;0;1;0;0;0;0;0.6931471805599453;10;3;0
cscript.exe;nan;FortiEDR-Security-Suspicious-Block;HG-LAPTOP99;2;1;PELIGROSO;11;0;0;0;0;0;0;0;0;0;0;1;0;1;1;1;1.0986122886681098;8;1;0
TeamViewer_Service.exe;nan;FortiEDR-Security-PUP-Block;PC-TD250VMOST01;1;0;NO_PELIGROSO;22;0;0;0;0;0;0;0;0;0;0;1;0;0;0;0;0.6931471805599453;8;5;0
AnyDesk (1).exe;nan;FortiEDR-Security-PUP-Block;PC-TD026ADM;1;0;NO_PELIGROSO;15;1;0;0;0;0;0;0;0;0;0;1;0;0;0;0;0.6931471805599453;14;1;0
WerFaultSecure.exe;nan;FortiEDR-Security-Malicious-SimulationBlock;HG-LAPTOP231;1;1;PELIGROSO;18;0;1;0;0;0;0;0;0;0;0;1;0;0;0;0;0.6931471805599453;14;2;0
Keygen.exe;nan;FortiEDR-Security-PUP-Block;PNSA-SERVER;3;0;NO_PELIGROSO;10;0;0;0;0;0;0;0;0;0;0;1;0;0;0;1;1.3862943611198906;13;0;0
AnyDesk3ebc.exe;nan;FortiEDR-Security-Malicious-Block;HG-DESKTOP150;2;1;PELIGROSO;15;1;0;0;0;0;0;0;0;0;0;1;0;0;0;1;1.0986122886681098;10;2;0
TnQGwf.exe;nan;FortiEDR-Security-Malicious-Block;PQC01XIBACETA;1;1;PELIGROSO;10;0;0;0;0;0;0;0;0;0;0;1;0;0;0;0;0.6931471805599453;7;0;0
TeamViewer_Service.exe;nan;FortiEDR-Security-PUP-Block;PC-TD250VMOST01;1;0;NO_PELIGROSO;22;0;0;0;0;0;0;0;0;0;0;1;0;0;0;0;0.6931471805599453;9;1;0
OInstall.exe;nan;FortiEDR-Security-Malicious-Block;LT-SUPLA14;1;1;PELIGROSO;12;0;1;0;0;0;0;0;0;0;0;1;0;0;0;0;0.6931471805599453;12;1;0
tasklist.exe;nan;FortiEDR-Security-Malicious-Block;EQU001-050;5;1;PELIGROSO;12;0;1;0;0;0;0;0;0;0;0;1;0;0;0;1;1.791759469228055;16;0;0
streamer.exe;nan;FortiEDR-Security-Malicious-Block;PNSA-SERVER;1;1;PELIGROSO;12;0;1;0;0;0;0;0;0;0;0;1;0;0;0;0;0.6931471805599453;20;5;0
OInstall.exe;nan;FortiEDR-Security-PUP-Block;LT-CDVES01;3;0;NO_PELIGROSO;12;0;1;0;0;0;0;0;0;0;0;1;0;0;0;1;1.3862943611198906;10;2;0
streamer.exe;nan;FortiEDR-Security-Malicious-Block;PNSA-SERVER;1;1;PELIGROSO;12;0;1;0;0;0;0;0;0;0;0;1;0;0;0;0;0.6931471805599453;20;5;0
dahua-smartpss-2.03.0-installer_PYGbL-1.exe;nan;FortiEDR-Security-Malicious-Block;PC-TD221GON2;1;1;PELIGROSO;43;1;0;0;0;0;0;0;0;0;0;1;0;0;0;0;0.6931471805599453;19;2;0
OInstall.exe;nan;FortiEDR-Security-PUP-Block;LT-MKT10;5;0;NO_PELIGROSO;12;0;1;0;0;0;0;0;0;0;0;1;0;0;0;1;1.791759469228055;8;2;0
streamer.exe;nan;FortiEDR-Security-Malicious-Block;PNSA-SERVER;1;1;PELIGROSO;12;0;1;0;0;0;0;0;0;0;0;1;0;0;0;0;0.6931471805599453;15;1;0
TeamViewer_Service.exe;nan;FortiEDR-Security-PUP-Block;PC-TD250VMOST01;4;0;NO_PELIGROSO;22;0;0;0;0;0;0;0;0;0;0;1;0;0;0;1;1.6094379124341003;7;3;0
PKZIP.EXE;nan;FortiEDR-Security-Malicious-Block;PNSA-SERVER;1;1;PELIGROSO;9;0;0;0;0;0;0;0;0;0;0;0;0;0;0;0;0.6931471805599453;22;4;1
kavfswp.exe;nan;FortiEDR-Security-Suspicious-Block;PNSA1S003;8;1;PELIGROSO;11;0;0;0;0;0;0;0;0;0;0;1;0;0;0;1;2.1972245773362196;21;4;0
inpoutx64.sys;nan;FortiEDR-Security-Malicious-Block;HG-DESKTOP197;6;1;PELIGROSO;13;1;0;0;0;0;0;0;0;0;0;0;0;0;0;1;1.9459101490553132;3;5;1
powershell.exe;nan;FortiEDR-Security-Suspicious-Block;COMEL42;1;1;PELIGROSO;14;0;1;0;0;0;0;0;0;0;0;1;0;1;1;0;0.6931471805599453;8;2;0
AnyDesk.exe;nan;FortiEDR-Security-Suspicious-Block;QECGYECOMDVERA;3;1;PELIGROSO;11;0;0;0;0;0;0;0;0;0;0;1;0;0;0;1;1.3862943611198906;11;4;0
KMSAuto++.exe;nan;FortiEDR-Security-Malicious-Block;LT-CDVES25;1;1;PELIGROSO;13;0;0;0;0;0;0;0;0;0;0;1;0;0;0;0;0.6931471805599453;10;2;0
streamer.exe;nan;FortiEDR-Security-Malicious-Block;PNSA-SERVER;1;1;PELIGROSO;12;0;1;0;0;0;0;0;0;0;0;1;0;0;0;0;0.6931471805599453;15;1;0
SapSx.exe;nan;FortiEDR-Security-Malicious-Block;PNSA-SERVER;1;1;PELIGROSO;9;0;0;0;0;0;0;0;0;0;0;1;0;0;0;0;0.6931471805599453;20;0;0
rundll32.exe;nan;FortiEDR-Security-Suspicious-Block;HG-LAPTOP201;1;1;PELIGROSO;12;1;0;0;0;0;0;0;0;0;0;1;0;0;1;0;0.6931471805599453;7;1;0
OInstall.exe;nan;FortiEDR-Security-PUP-Block;LT-MKT10;6;0;NO_PELIGROSO;12;0;1;0;0;0;0;0;0;0;0;1;0;0;0;1;1.9459101490553132;14;1;0
TeamViewer_Service.exe;nan;FortiEDR-Security-PUP-Block;PC-TD241GON2;1;0;NO_PELIGROSO;22;0;0;0;0;0;0;0;0;0;0;1;0;0;0;0;0.6931471805599453;8;0;0
0th3r_av5.exe;nan;FortiEDR-Security-Malicious-Block;SRVGYEQPCTLVISITAS;2;1;PELIGROSO;13;1;0;0;0;0;0;0;0;0;0;1;0;0;0;1;1.0986122886681098;21;6;0
taskhostw.exe;nan;FortiEDR-Security-Suspicious-Block;EQU001-066;4;1;PELIGROSO;13;0;1;0;0;0;0;0;0;0;0;1;0;0;0;1;1.6094379124341003;8;1;0
cscript.exe;nan;FortiEDR-Security-Suspicious-Block;PQ01R3DGARCIA;1;1;PELIGROSO;11;0;0;0;0;0;0;0;0;0;0;1;0;1;1;0;0.6931471805599453;10;0;0
steamservice.exe;nan;FortiEDR-Security-PUP-Block;PNSAL5CD4381KXK;1;0;NO_PELIGROSO;16;0;1;0;0;0;0;0;0;0;0;1;0;0;0;0;0.6931471805599453;22;3;1
omsprint.exe;nan;FortiEDR-Security-Malicious-Block;PNSA-SERVER;2;1;PELIGROSO;12;0;1;0;0;0;0;0;0;0;0;1;0;0;0;1;1.0986122886681098;22;3;1
OInstall.exe;nan;FortiEDR-Security-PUP-Block;LT-CDVES01;1;0;NO_PELIGROSO;12;0;1;0;0;0;0;0;0;0;0;1;0;0;0;0;0.6931471805599453;10;2;0
Sin confirmar 519039.crdownload;nan;FortiEDR-Security-Malicious-Block;LT-CDVES01;1;1;PELIGROSO;31;1;0;0;0;0;0;0;0;0;0;0;0;0;0;0;0.6931471805599453;21;6;0
TeamViewer_Service.exe;nan;FortiEDR-Security-PUP-Block;CAJAMAYORISTA01;1;0;NO_PELIGROSO;22;0;0;0;0;0;0;0;0;0;0;1;0;0;0;0;0.6931471805599453;10;6;0
TeamViewer_Service.exe;nan;FortiEDR-Security-PUP-Block;PC-MJ03EEA8;1;0;NO_PELIGROSO;22;0;0;0;0;0;0;0;0;0;0;1;0;0;0;0;0.6931471805599453;8;6;0
streamer.exe;nan;FortiEDR-Security-Malicious-Block;PNSA-SERVER;1;1;PELIGROSO;12;0;1;0;0;0;0;0;0;0;0;1;0;0;0;0;0.6931471805599453;20;0;0
streamer.exe;nan;FortiEDR-Security-Malicious-Block;PNSA-SERVER;1;1;PELIGROSO;12;0;1;0;0;0;0;0;0;0;0;1;0;0;0;0;0.6931471805599453;20;0;0
pmls64.dll;nan;FortiEDR-Security-Malicious-Block;PQ01NGALLOZA;1;1;PELIGROSO;10;1;0;0;0;0;0;0;0;0;0;0;1;0;0;0;0.6931471805599453;8;4;0
iKernel.exe;nan;FortiEDR-Security-Malicious-Block;PC-TD231CAJAM;6;1;PELIGROSO;11;0;0;0;0;0;0;0;0;0;0;1;0;0;0;1;1.9459101490553132;15;3;0
WeatherZeroService.exe;nan;FortiEDR-Security-Suspicious-Block;PQ01ECASTILLO;10;1;PELIGROSO;22;0;1;0;0;0;0;0;0;0;0;1;0;0;0;1;2.3978952727983707;20;2;0
streamer.exe;nan;FortiEDR-Security-Malicious-Block;PNSA-SERVER;6;1;PELIGROSO;12;0;1;0;0;0;0;0;0;0;0;1;0;0;0;1;1.9459101490553132;15;1;0
SapBiSetup.exe;nan;FortiEDR-Security-Malicious-Block;PNSA-SERVER;1;1;PELIGROSO;14;0;1;0;0;0;0;0;0;0;0;1;0;0;0;0;0.6931471805599453;22;3;1
WerFault.exe;nan;FortiEDR-Security-PUP-Block;HG-LAPTOP169;1;0;NO_PELIGROSO;12;0;1;0;0;0;0;0;0;0;0;1;0;0;0;0;0.6931471805599453;21;2;0
asio4all-2.15-beta-2-installer_F8b-5p1.exe;nan;FortiEDR-Security-Malicious-Block;EQU001-013;1;1;PELIGROSO;42;1;0;0;0;0;0;0;0;0;0;1;0;0;0;0;0.6931471805599453;9;3;0
$RF38PHY.exe;nan;FortiEDR-Security-PUP-Block;PNSAL5CD4381KV2;4;0;NO_PELIGROSO;12;1;0;0;0;0;0;0;0;0;0;1;0;0;0;1;1.6094379124341003;13;0;0
update.exe;nan;FortiEDR-Security-PUP-Block;PTTRQ22;1;0;NO_PELIGROSO;10;0;0;0;0;0;0;0;0;0;0;1;0;0;0;0;0.6931471805599453;19;1;0
PRY_PRODUCCION.exe;nan;FortiEDR-Security-PUP-Block;EQU001-012;1;0;NO_PELIGROSO;18;0;0;0;0;0;0;0;0;0;0;1;0;0;0;0;0.6931471805599453;8;0;0
3c7f4b6f-5a64-4267-869e-354b2d9a2dff.tmp;nan;FortiEDR-Security-Malicious-Block;PTFNR08;5;1;PELIGROSO;40;1;0;0;0;0;0;0;0;0;0;0;0;0;0;1;1.791759469228055;8;4;0
powershell.exe;nan;FortiEDR-Security-Malicious-Block;PNSAL5CD4381KPY;3;1;PELIGROSO;14;0;1;0;0;0;0;0;0;0;0;1;0;1;1;1;1.3862943611198906;12;3;0
TeamViewer_Service.exe;nan;FortiEDR-Security-PUP-Block;CAJAMAYORISTA01;1;0;NO_PELIGROSO;22;0;0;0;0;0;0;0;0;0;0;1;0;0;0;0;0.6931471805599453;9;3;0
pintaskbar.exe;nan;FortiEDR-Security-Suspicious-Block;PC-TD199VEM04;1;1;PELIGROSO;14;0;1;0;0;0;0;0;0;0;0;1;0;0;0;0;0.6931471805599453;10;3;0
BExReportDesignerStarter.exe;nan;FortiEDR-Security-Malicious-Block;PNSA-SERVER;2;1;PELIGROSO;28;0;1;0;0;0;0;0;0;0;0;1;0;0;0;1;1.0986122886681098;13;0;0
dllhost.exe;nan;FortiEDR-Security-Malicious-Block;LT-STAMARIA01;84;1;PELIGROSO;11;0;0;0;0;0;0;0;0;0;0;1;0;0;0;1;4.442651256490317;11;3;0
$RF38PHY.exe;nan;FortiEDR-Security-PUP-Block;PNSAL5CD4381KV2;2;0;NO_PELIGROSO;12;1;0;0;0;0;0;0;0;0;0;1;0;0;0;1;1.0986122886681098;10;1;0
streamer.exe;nan;FortiEDR-Security-Malicious-Block;PNSA-SERVER;1;1;PELIGROSO;12;0;1;0;0;0;0;0;0;0;0;1;0;0;0;0;0.6931471805599453;15;1;0
streamer.exe;nan;FortiEDR-Security-Malicious-Block;PNSA-SERVER;1;1;PELIGROSO;12;0;1;0;0;0;0;0;0;0;0;1;0;0;0;0;0.6931471805599453;20;5;0
pikachu.exe;nan;FortiEDR-Security-Malicious-Block;srvkatrium;1;1;PELIGROSO;11;0;0;0;0;0;0;0;0;0;0;1;0;0;0;0;0.6931471805599453;4;5;1
AnyDesk (3).exe;nan;FortiEDR-Security-PUP-Block;PC-TD227SUB;2;0;NO_PELIGROSO;15;1;0;0;0;0;0;0;0;0;0;1;0;0;0;1;1.0986122886681098;0;4;1
rundll32.exe;nan;FortiEDR-Security-Suspicious-Block;LT-ECOM21;2;1;PELIGROSO;12;1;0;0;0;0;0;0;0;0;0;1;0;0;1;1;1.0986122886681098;8;1;0
java.exe;nan;FortiEDR-Security-PUP-Block;ANTIVIRUS;2;0;NO_PELIGROSO;8;0;0;0;0;0;0;0;0;0;0;1;0;0;0;1;1.0986122886681098;11;4;0
pmropn64.exe;nan;FortiEDR-Security-Malicious-Block;PQ01ECASTILLO;2;1;PELIGROSO;12;1;0;0;0;0;0;0;0;0;0;1;0;0;0;1;1.0986122886681098;8;1;0
OInstall.exe;nan;FortiEDR-Security-PUP-Block;LT-MKT10;1;0;NO_PELIGROSO;12;0;1;0;0;0;0;0;0;0;0;1;0;0;0;0;0.6931471805599453;10;2;0
explorer.exe;nan;FortiEDR-Security-Malicious-Block;CesarLinares;2;1;PELIGROSO;12;0;1;0;0;0;0;0;0;0;0;1;0;0;0;1;1.0986122886681098;1;4;1
OInstall.exe;nan;FortiEDR-Security-Malicious-Block;PC-CONT06;1;1;PELIGROSO;12;0;1;0;0;0;0;0;0;0;0;1;0;0;0;0;0.6931471805599453;10;1;0
FortniteClient-Win64-Shipping.exe;nan;FortiEDR-Security-Malicious-Block;LT-AUDIT08;1;1;PELIGROSO;33;1;0;0;0;0;0;0;0;0;0;1;0;0;0;0;0.6931471805599453;16;3;0
core.exe;nan;FortiEDR-Security-Suspicious-Block;HG-LAPTOP207;65;1;PELIGROSO;8;0;0;0;0;0;0;0;0;0;0;1;0;0;0;1;4.189654742026425;13;2;0
shh.exe;nan;FortiEDR-Security-Malicious-Block;PNSA-SERVER;1;1;PELIGROSO;7;0;0;0;0;0;0;0;0;0;0;1;0;0;0;0;0.6931471805599453;22;3;1
FortniteClient-Win64-Shipping_EAC_EOS.exe;nan;FortiEDR-Security-PUP-Block;LT-AUDIT07;1;0;NO_PELIGROSO;41;1;0;0;0;0;0;0;0;0;0;1;0;0;0;0;0.6931471805599453;23;3;1
java.exe;nan;FortiEDR-Security-PUP-Block;ANTIVIRUS;360;0;NO_PELIGROSO;8;0;0;0;0;0;0;0;0;0;0;1;0;0;0;1;5.8888779583328805;1;6;1
w11mdp.dll;nan;FortiEDR-Security-PUP-SimulationBlock;PQ01DALEMAN;1;0;NO_PELIGROSO;10;1;0;0;0;0;0;0;0;0;0;0;1;0;0;0;0.6931471805599453;10;2;0
NwCreateInstServer.exe;nan;FortiEDR-Security-Malicious-Block;PNSA-SERVER;1;1;PELIGROSO;22;0;1;0;0;0;0;0;0;0;0;1;0;0;0;0;0.6931471805599453;9;4;0
SteamService.exe;nan;FortiEDR-Security-PUP-Block;LT-FIN08;1;0;NO_PELIGROSO;16;0;1;0;0;0;0;0;0;0;0;1;0;0;0;0;0.6931471805599453;3;6;1
OInstall.exe;nan;FortiEDR-Security-Malicious-Block;PC-TD32ADM;2;1;PELIGROSO;12;0;1;0;0;0;0;0;0;0;0;1;0;0;0;1;1.0986122886681098;22;0;1
firefox.exe;nan;FortiEDR-Security-PUP-Block;AMPA2;2;0;NO_PELIGROSO;11;0;0;0;0;0;0;0;0;0;0;1;0;0;0;1;1.0986122886681098;16;4;0
java.exe;nan;FortiEDR-Security-PUP-Block;ANTIVIRUS;6;0;NO_PELIGROSO;8;0;0;0;0;0;0;0;0;0;0;1;0;0;0;1;1.9459101490553132;14;0;0
update.exe;nan;FortiEDR-Security-PUP-Block;PTLGT22;1;0;NO_PELIGROSO;10;0;0;0;0;0;0;0;0;0;0;1;0;0;0;0;0.6931471805599453;9;0;0
cscript.exe;nan;FortiEDR-Security-PUP-Block;LT-MKT10;3;0;NO_PELIGROSO;11;0;0;0;0;0;0;0;0;0;0;1;0;1;1;1;1.3862943611198906;8;0;0
fservicios.exe;nan;FortiEDR-Security-Malicious-Block;PNSA-SERVER;2;1;PELIGROSO;14;0;1;0;0;0;0;0;0;0;0;1;0;0;0;1;1.0986122886681098;23;2;1
OInstall.exe;nan;FortiEDR-Security-PUP-Block;LT-CDVES01;3;0;NO_PELIGROSO;12;0;1;0;0;0;0;0;0;0;0;1;0;0;0;1;1.3862943611198906;16;4;0
BrShim32.dll;nan;FortiEDR-Security-Malicious-Block;SupervisorA4;4;1;PELIGROSO;12;1;0;0;0;0;0;0;0;0;0;0;1;0;0;1;1.6094379124341003;18;1;0
OInstall.exe;nan;FortiEDR-Security-PUP-Block;LT-MKT10;1;0;NO_PELIGROSO;12;0;1;0;0;0;0;0;0;0;0;1;0;0;0;0;0.6931471805599453;14;0;0
OInstall.exe;nan;FortiEDR-Security-PUP-Block;PC-TD060COR;1;0;NO_PELIGROSO;12;0;1;0;0;0;0;0;0;0;0;1;0;0;0;0;0.6931471805599453;11;5;0
OInstall.exe;nan;FortiEDR-Security-PUP-Block;LT-MKT10;2;0;NO_PELIGROSO;12;0;1;0;0;0;0;0;0;0;0;1;0;0;0;1;1.0986122886681098;9;0;0
streamer.exe;nan;FortiEDR-Security-Malicious-Block;PNSA-SERVER;6;1;PELIGROSO;12;0;1;0;0;0;0;0;0;0;0;1;0;0;0;1;1.9459101490553132;15;1;0
streamer.exe;nan;FortiEDR-Security-Malicious-Block;PNSA-SERVER;2;1;PELIGROSO;12;0;1;0;0;0;0;0;0;0;0;1;0;0;0;1;1.0986122886681098;20;0;0
TeamViewer_Service.exe;nan;FortiEDR-Security-PUP-Block;PC-TD250VMOST01;2;0;NO_PELIGROSO;22;0;0;0;0;0;0;0;0;0;0;1;0;0;0;1;1.0986122886681098;8;6;0
TnQGwf.exe;nan;FortiEDR-Security-Malicious-Block;PQC01XIBACETA;1;1;PELIGROSO;10;0;0;0;0;0;0;0;0;0;0;1;0;0;0;0;0.6931471805599453;14;1;0
OInstall.exe;nan;FortiEDR-Security-PUP-Block;LT-CDVES01;2;0;NO_PELIGROSO;12;0;1;0;0;0;0;0;0;0;0;1;0;0;0;1;1.0986122886681098;10;0;0
f_00012f;nan;FortiEDR-Security-Malicious-Block;QECGYERSANCHEZ;1;1;PELIGROSO;8;1;0;0;0;0;0;0;0;0;0;0;0;0;0;0;0.6931471805599453;7;4;0
$RF38PHY.exe;nan;FortiEDR-Security-PUP-Block;PNSAL5CD4381KV2;69;0;NO_PELIGROSO;12;1;0;0;0;0;0;0;0;0;0;1;0;0;0;1;4.248495242049359;14;0;0
mysql.exe;nan;FortiEDR-Security-Malicious-Block;PNSAL5CD4381KPL;2;1;PELIGROSO;9;0;0;0;0;0;0;0;0;0;0;1;0;0;0;1;1.0986122886681098;16;4;0
update.exe;nan;FortiEDR-Security-PUP-Block;PTTRQ20;1;0;NO_PELIGROSO;10;0;0;0;0;0;0;0;0;0;0;1;0;0;0;0;0.6931471805599453;16;4;0
KMSAuto++.exe;nan;FortiEDR-Security-Malicious-Block;PC-TD32ADM;1;1;PELIGROSO;13;0;0;0;0;0;0;0;0;0;0;1;0;0;0;0;0.6931471805599453;18;4;0
$RF38PHY.exe;nan;FortiEDR-Security-PUP-Block;PNSA1P00455t;40;0;NO_PELIGROSO;12;1;0;0;0;0;0;0;0;0;0;1;0;0;0;1;3.713572066704308;16;3;0
OInstall.exe;nan;FortiEDR-Security-PUP-Block;LT-MKT10;1;0;NO_PELIGROSO;12;0;1;0;0;0;0;0;0;0;0;1;0;0;0;0;0.6931471805599453;10;6;0
w11mdp.dll;nan;FortiEDR-Security-PUP-Block;PC-TD178SAC;1;0;NO_PELIGROSO;10;1;0;0;0;0;0;0;0;0;0;0;1;0;0;0;0.6931471805599453;15;1;0
C2admin.exe;nan;FortiEDR-Security-Malicious-Block;PNSAL5CD4381KPL;1;1;PELIGROSO;11;1;0;0;0;0;0;0;0;0;0;1;0;0;0;0;0.6931471805599453;17;4;0
TeamViewer_Service.exe;nan;FortiEDR-Security-PUP-Block;CAJAMAYORISTA01;1;0;NO_PELIGROSO;22;0;0;0;0;0;0;0;0;0;0;1;0;0;0;0;0.6931471805599453;9;6;0
core.exe;nan;FortiEDR-Security-Suspicious-Block;HG-LAPTOP207;31;1;PELIGROSO;8;0;0;0;0;0;0;0;0;0;0;1;0;0;0;1;3.4657359027997265;5;4;1
TeamViewer_Service.exe;nan;FortiEDR-Security-PUP-Block;HG-LAPTOP169;4;0;NO_PELIGROSO;22;0;0;0;0;0;0;0;0;0;0;1;0;0;0;1;1.6094379124341003;20;5;0
pedidospendientes.exe;nan;FortiEDR-Security-Malicious-Block;PNSA-SERVER;2;1;PELIGROSO;21;0;1;0;0;0;0;0;0;0;0;1;0;0;0;1;1.0986122886681098;23;2;1
w11mdp.dll;nan;FortiEDR-Security-PUP-Block;LT-VCORP36;1;0;NO_PELIGROSO;10;1;0;0;0;0;0;0;0;0;0;0;1;0;0;0;0.6931471805599453;23;5;1
streamer.exe;nan;FortiEDR-Security-Malicious-Block;PNSA-SERVER;1;1;PELIGROSO;12;0;1;0;0;0;0;0;0;0;0;1;0;0;0;0;0.6931471805599453;20;0;0
powershell.exe;nan;FortiEDR-Security-Malicious-Block;PTGHM03;1;1;PELIGROSO;14;0;1;0;0;0;0;0;0;0;0;1;0;1;1;0;0.6931471805599453;12;1;0
test.dat;nan;FortiEDR-Security-Malicious-Block;LT-VCORP44;6;1;PELIGROSO;8;0;0;0;0;0;0;0;0;0;0;0;0;0;0;1;1.9459101490553132;16;0;0
FrontOptEdit.exe;nan;FortiEDR-Security-Malicious-Block;PNSA-SERVER;2;1;PELIGROSO;16;0;1;0;0;0;0;0;0;0;0;1;0;0;0;1;1.0986122886681098;22;3;1
Service_KMS.exe;nan;FortiEDR-Security-Malicious-Block;PC-TD215ADM;2;1;PELIGROSO;15;0;0;0;0;0;0;0;0;0;0;1;0;0;0;1;1.0986122886681098;11;3;0
cscript.exe;nan;FortiEDR-Security-Suspicious-Block;HG-LAPTOP99;2;1;PELIGROSO;11;0;0;0;0;0;0;0;0;0;0;1;0;1;1;1;1.0986122886681098;7;0;0
powershell.exe;nan;FortiEDR-Security-Malicious-Block;PQ01LBMEMBRANA2;1;1;PELIGROSO;14;0;1;0;0;0;0;0;0;0;0;1;0;1;1;0;0.6931471805599453;14;5;0
SapSx.exe;nan;FortiEDR-Security-Malicious-Block;PNSA-SERVER;3;1;PELIGROSO;9;0;0;0;0;0;0;0;0;0;0;1;0;0;0;1;1.3862943611198906;10;4;0
streamer.exe;nan;FortiEDR-Security-Malicious-Block;PNSA-SERVER;2;1;PELIGROSO;12;0;1;0;0;0;0;0;0;0;0;1;0;0;0;1;1.0986122886681098;15;1;0
f_00012f;nan;FortiEDR-Security-Malicious-Block;QECGYERSANCHEZ;1;1;PELIGROSO;8;1;0;0;0;0;0;0;0;0;0;0;0;0;0;0;0.6931471805599453;21;3;0
OInstall.exe;nan;FortiEDR-Security-Malicious-Block;LT-VMAY08A;1;1;PELIGROSO;12;0;1;0;0;0;0;0;0;0;0;1;0;0;0;0;0.6931471805599453;3;2;1
OInstall.exe;nan;FortiEDR-Security-PUP-Block;LT-MKT10;2;0;NO_PELIGROSO;12;0;1;0;0;0;0;0;0;0;0;1;0;0;0;1;1.0986122886681098;18;6;0
OInstall.exe;nan;FortiEDR-Security-PUP-Block;LT-MKT10;2;0;NO_PELIGROSO;12;0;1;0;0;0;0;0;0;0;0;1;0;0;0;1;1.0986122886681098;0;2;1
$RGWBRSF.exe;nan;FortiEDR-Security-PUP-Block;PNSAL5CD4381KV6;33;0;NO_PELIGROSO;12;0;0;0;0;0;0;0;0;0;0;1;0;0;0;1;3.5263605246161616;18;3;0
streamer.exe;nan;FortiEDR-Security-Malicious-Block;PNSA-SERVER;1;1;PELIGROSO;12;0;1;0;0;0;0;0;0;0;0;1;0;0;0;0;0.6931471805599453;20;5;0
OInstall.exe;nan;FortiEDR-Security-PUP-Block;LT-CDVES01;2;0;NO_PELIGROSO;12;0;1;0;0;0;0;0;0;0;0;1;0;0;0;1;1.0986122886681098;10;0;0
KMSAuto Net.exe;nan;FortiEDR-Security-Malicious-Block;LT-CDVES26;1;1;PELIGROSO;15;0;0;0;0;0;0;0;0;0;0;1;0;0;0;0;0.6931471805599453;8;1;0
$R8CAKOP.exe;nan;FortiEDR-Security-PUP-Block;LT-VCORP26;1;0;NO_PELIGROSO;12;1;0;0;0;0;0;0;0;0;0;1;0;0;0;0;0.6931471805599453;9;5;0
AnyDesk.exe;nan;FortiEDR-Security-Suspicious-Block;QPGYESISPPALMA;4;1;PELIGROSO;11;0;0;0;0;0;0;0;0;0;0;1;0;0;0;1;1.6094379124341003;19;5;0
MySQLWorkbench.exe;nan;FortiEDR-Security-Malicious-Block;PNSAL5CD4381KPL;1;1;PELIGROSO;18;0;1;0;0;0;0;0;0;0;0;1;0;0;0;0;0.6931471805599453;15;4;0
$RPO8RR3.exe;nan;FortiEDR-Security-PUP-Block;PNSAL5CD4381KV2;4;0;NO_PELIGROSO;12;1;0;0;0;0;0;0;0;0;0;1;0;0;0;1;1.6094379124341003;23;2;1
streamer.exe;nan;FortiEDR-Security-Malicious-Block;PNSA-SERVER;1;1;PELIGROSO;12;0;1;0;0;0;0;0;0;0;0;1;0;0;0;0;0.6931471805599453;0;5;1
OInstall.exe;nan;FortiEDR-Security-PUP-Block;LT-MKT10;1;0;NO_PELIGROSO;12;0;1;0;0;0;0;0;0;0;0;1;0;0;0;0;0.6931471805599453;9;4;0
OInstall.exe;nan;FortiEDR-Security-PUP-Block;LT-CDVES01;2;0;NO_PELIGROSO;12;0;1;0;0;0;0;0;0;0;0;1;0;0;0;1;1.0986122886681098;10;0;0
update.exe;nan;FortiEDR-Security-PUP-Block;LT-VCORP30;1;0;NO_PELIGROSO;10;0;0;0;0;0;0;0;0;0;0;1;0;0;0;0;0.6931471805599453;15;2;0
streamer.exe;nan;FortiEDR-Security-Malicious-Block;PNSA-SERVER;3;1;PELIGROSO;12;0;1;0;0;0;0;0;0;0;0;1;0;0;0;1;1.3862943611198906;15;1;0
ShaferFilechck.dll;nan;FortiEDR-Security-Malicious-Block;PQ01R3ECASTILLO;1;1;PELIGROSO;18;0;0;0;0;0;0;0;0;0;0;0;1;0;0;0;0.6931471805599453;9;2;0
KMSAuto Net.exe;nan;FortiEDR-Security-Malicious-Block;LT-CRED22;1;1;PELIGROSO;15;0;0;0;0;0;0;0;0;0;0;1;0;0;0;0;0.6931471805599453;9;3;0
CuteWriter.exe;nan;FortiEDR-Security-Malicious-Block;srvkatrium;1;1;PELIGROSO;14;0;1;0;0;0;0;0;0;0;0;1;0;0;0;0;0.6931471805599453;3;5;1
powershell.exe;nan;FortiEDR-Security-Malicious-Block;HG-LAPTOP61;1;1;PELIGROSO;14;0;1;0;0;0;0;0;0;0;0;1;0;1;1;0;0.6931471805599453;8;2;0
powershell.exe;nan;FortiEDR-Security-Malicious-Block;CI-SUPPLY-LT-01;1;1;PELIGROSO;14;0;1;0;0;0;0;0;0;0;0;1;0;1;1;0;0.6931471805599453;14;3;0
OInstall.exe;nan;FortiEDR-Security-PUP-Block;LT-RRHH45;1;0;NO_PELIGROSO;12;0;1;0;0;0;0;0;0;0;0;1;0;0;0;0;0.6931471805599453;9;2;0
costos.exe;nan;FortiEDR-Security-PUP-Block;LAPCQUISPE;1;0;NO_PELIGROSO;10;0;0;0;0;0;0;0;0;0;0;1;0;0;0;0;0.6931471805599453;14;3;0
PaesslerSNMPWrapper.dll;nan;FortiEDR-Security-PUP-Block;SRV-MONITOR;1;0;NO_PELIGROSO;23;0;0;0;0;0;0;0;0;0;0;0;1;0;0;0;0.6931471805599453;10;4;0
windows-update-for-internet-explorer-5.5-installer_2R6q-l1.exe;nan;FortiEDR-Security-Malicious-Block;QTEGYELOG1123;3;1;PELIGROSO;62;1;0;0;0;0;0;0;0;0;0;1;0;0;0;1;1.3862943611198906;14;3;0
powershell.exe;nan;FortiEDR-Security-Suspicious-Block;SISTEMAS10;3;1;PELIGROSO;14;0;1;0;0;0;0;0;0;0;0;1;0;1;1;1;1.3862943611198906;16;4;0
core.exe;nan;FortiEDR-Security-Suspicious-Block;HG-LAPTOP113;2;1;PELIGROSO;8;0;0;0;0;0;0;0;0;0;0;1;0;0;0;1;1.0986122886681098;7;2;0
task.exe;nan;FortiEDR-Security-Malicious-Block;PTLGT12;1;1;PELIGROSO;8;0;0;0;0;0;0;0;0;0;0;1;0;0;0;0;0.6931471805599453;21;2;0
TeamViewer_Service.exe;nan;FortiEDR-Security-PUP-Block;EQU001-058;2;0;NO_PELIGROSO;22;0;0;0;0;0;0;0;0;0;0;1;0;0;0;1;1.0986122886681098;19;1;0
AnyDesk.exe;nan;FortiEDR-Security-Suspicious-Block;PC-TD219CJR01;15;1;PELIGROSO;11;0;0;0;0;0;0;0;0;0;0;1;0;0;0;1;2.772588722239781;22;1;1
OInstall.exe;nan;FortiEDR-Security-PUP-Block;LT-VCORP38;1;0;NO_PELIGROSO;12;0;1;0;0;0;0;0;0;0;0;1;0;0;0;0;0.6931471805599453;14;3;0
qwivmy64.exe;nan;FortiEDR-Security-Suspicious-Block;PC-TD44ADM;12799;1;PELIGROSO;12;1;0;0;0;0;0;0;0;0;0;1;0;0;0;1;9.457200449907708;20;5;0
TeamViewer_Service.exe;nan;FortiEDR-Security-PUP-Block;HG-LAPTOP169;2;0;NO_PELIGROSO;22;0;0;0;0;0;0;0;0;0;0;1;0;0;0;1;1.0986122886681098;20;5;0
python.exe;nan;FortiEDR-Security-Suspicious-Block;LT-TI53;2;1;PELIGROSO;10;0;0;0;0;0;0;0;0;0;0;1;0;0;0;1;1.0986122886681098;18;1;0
AnyDesk (3).exe;nan;FortiEDR-Security-PUP-Block;LT-CD08;1;0;NO_PELIGROSO;15;1;0;0;0;0;0;0;0;0;0;1;0;0;0;0;0.6931471805599453;11;4;0
tmpBC.tmp;nan;FortiEDR-Security-Malicious-SimulationBlock;ana-salvador;2;1;PELIGROSO;9;0;0;0;0;0;0;0;0;0;0;0;0;0;0;1;1.0986122886681098;9;4;0
OInstall.exe;nan;FortiEDR-Security-PUP-Block;PC-CDVES60;1;0;NO_PELIGROSO;12;0;1;0;0;0;0;0;0;0;0;1;0;0;0;0;0.6931471805599453;20;0;0
OInstall.exe;nan;FortiEDR-Security-PUP-Block;LT-MKT10;5;0;NO_PELIGROSO;12;0;1;0;0;0;0;0;0;0;0;1;0;0;0;1;1.791759469228055;9;0;0
AnyDesk (8).exe;nan;FortiEDR-Security-Suspicious-Block;DESKTOP-MT306V0;1;1;PELIGROSO;15;1;0;0;0;0;0;0;0;0;0;1;0;0;0;0;0.6931471805599453;10;5;0
OInstall.exe;nan;FortiEDR-Security-PUP-Block;LT-CDVES01;1;0;NO_PELIGROSO;12;0;1;0;0;0;0;0;0;0;0;1;0;0;0;0;0.6931471805599453;12;6;0
powershell.exe;nan;FortiEDR-Security-Malicious-Block;HG-LAPTOP216;1;1;PELIGROSO;14;0;1;0;0;0;0;0;0;0;0;1;0;1;1;0;0.6931471805599453;10;4;0
javaw.exe;nan;FortiEDR-Security-Malicious-Block;CONTL35;1;1;PELIGROSO;9;0;0;0;0;0;0;0;0;0;0;1;0;0;0;0;0.6931471805599453;10;4;0
Shockwave.exe;nan;FortiEDR-Security-Malicious-Block;PNSAL5CD4381KPL;1;1;PELIGROSO;13;0;1;0;0;0;0;0;0;0;0;1;0;0;0;0;0.6931471805599453;15;4;0
OInstall.exe;nan;FortiEDR-Security-Malicious-Block;LT-CDVES26;2;1;PELIGROSO;12;0;1;0;0;0;0;0;0;0;0;1;0;0;0;1;1.0986122886681098;9;4;0
update.exe;nan;FortiEDR-Security-PUP-Block;PTTRQ22;2;0;NO_PELIGROSO;10;0;0;0;0;0;0;0;0;0;0;1;0;0;0;1;1.0986122886681098;14;1;0
aTube_Catcher_v3.286.506.318.exe;nan;FortiEDR-Security-Malicious-Block;PNSAL5CD4381KNS;32;1;PELIGROSO;32;1;0;0;0;0;0;0;0;0;0;1;0;0;0;1;3.4965075614664802;16;2;0
AnyDesk (1).exe;nan;FortiEDR-Security-PUP-Block;PC-TD008ADM;3;0;NO_PELIGROSO;15;1;0;0;0;0;0;0;0;0;0;1;0;0;0;1;1.3862943611198906;18;6;0
cscript.exe;nan;FortiEDR-Security-Suspicious-Block;HG-LAPTOP99;3;1;PELIGROSO;11;0;0;0;0;0;0;0;0;0;0;1;0;1;1;1;1.3862943611198906;7;0;0
AnyDesk (1).exe;nan;FortiEDR-Security-PUP-Block;PC-TD206SAC;1;0;NO_PELIGROSO;15;1;0;0;0;0;0;0;0;0;0;1;0;0;0;0;0.6931471805599453;11;4;0
OInstall.exe;nan;FortiEDR-Security-PUP-Block;LT-CDVES01;2;0;NO_PELIGROSO;12;0;1;0;0;0;0;0;0;0;0;1;0;0;0;1;1.0986122886681098;10;0;0
rundll32.exe;nan;FortiEDR-Security-Malicious-Block;AOLGT03;1;1;PELIGROSO;12;1;0;0;0;0;0;0;0;0;0;1;0;0;1;0;0.6931471805599453;10;4;0
mant_tabl_chicas.exe;nan;FortiEDR-Security-Malicious-Block;PNSA-SERVER;2;1;PELIGROSO;20;0;0;0;0;0;0;0;0;0;0;1;0;0;0;1;1.0986122886681098;21;5;0
TnQGwf.exe;nan;FortiEDR-Security-Malicious-Block;PQC01XIBACETA;1;1;PELIGROSO;10;0;0;0;0;0;0;0;0;0;0;1;0;0;0;0;0.6931471805599453;7;1;0
AnyDesk (2).exe;nan;FortiEDR-Security-PUP-Block;PNSA1L0536;136;0;NO_PELIGROSO;15;1;0;0;0;0;0;0;0;0;0;1;0;0;0;1;4.919980925828125;23;3;1
OInstall.exe;nan;FortiEDR-Security-PUP-Block;LT-MKT10;3;0;NO_PELIGROSO;12;0;1;0;0;0;0;0;0;0;0;1;0;0;0;1;1.3862943611198906;9;2;0
OInstall.exe;nan;FortiEDR-Security-PUP-Block;LT-RRHH45;1;0;NO_PELIGROSO;12;0;1;0;0;0;0;0;0;0;0;1;0;0;0;0;0.6931471805599453;10;0;0
Dell.TechHub.Instrumentation.SubAgent.exe;nan;FortiEDR-Security-Suspicious-Block;HG-DESKTOP160;1;1;PELIGROSO;41;0;0;0;0;0;0;0;0;0;0;1;0;0;0;0;0.6931471805599453;10;4;0
explorer.exe;nan;FortiEDR-Security-Malicious-Block;PC-TD52VMOST01;1;1;PELIGROSO;12;0;1;0;0;0;0;0;0;0;0;1;0;0;0;0;0.6931471805599453;16;3;0
streamer.exe;nan;FortiEDR-Security-Malicious-Block;PNSA-SERVER;1;1;PELIGROSO;12;0;1;0;0;0;0;0;0;0;0;1;0;0;0;0;0.6931471805599453;20;5;0
$RF38PHY.exe;nan;FortiEDR-Security-PUP-Block;PNSAL5CD4381KV2;2;0;NO_PELIGROSO;12;1;0;0;0;0;0;0;0;0;0;1;0;0;0;1;1.0986122886681098;10;2;0
OfficeClickToRun.exe;nan;FortiEDR-Security-Malicious-Block;AOPRD09;1;1;PELIGROSO;20;0;1;0;0;0;0;0;0;0;0;1;0;0;0;0;0.6931471805599453;10;0;0
streamer.exe;nan;FortiEDR-Security-Malicious-Block;PNSA-SERVER;1;1;PELIGROSO;12;0;1;0;0;0;0;0;0;0;0;1;0;0;0;0;0.6931471805599453;20;0;0
$RF38PHY.exe;nan;FortiEDR-Security-PUP-Block;PNSAL5CD4381KV2;3;0;NO_PELIGROSO;12;1;0;0;0;0;0;0;0;0;0;1;0;0;0;1;1.3862943611198906;14;4;0
TnQGwf.exe;nan;FortiEDR-Security-Malicious-Block;PQC01XIBACETA;1;1;PELIGROSO;10;0;0;0;0;0;0;0;0;0;0;1;0;0;0;0;0.6931471805599453;7;0;0
streamer.exe;nan;FortiEDR-Security-Malicious-Block;PNSA-SERVER;3;1;PELIGROSO;12;0;1;0;0;0;0;0;0;0;0;1;0;0;0;1;1.3862943611198906;14;1;0
AnyDesk (1).exe;nan;FortiEDR-Security-PUP-Block;PC-TD008CHE;1;0;NO_PELIGROSO;15;1;0;0;0;0;0;0;0;0;0;1;0;0;0;0;0.6931471805599453;18;6;0
AnyDesk (8).exe;nan;FortiEDR-Security-Suspicious-Block;PC-TD212ALMA;1;1;PELIGROSO;15;1;0;0;0;0;0;0;0;0;0;1;0;0;0;0;0.6931471805599453;13;1;0
Keygen.exe;nan;FortiEDR-Security-Malicious-Block;PNSA-SERVER;4;1;PELIGROSO;10;0;0;0;0;0;0;0;0;0;0;1;0;0;0;1;1.6094379124341003;0;3;1
java.exe;nan;FortiEDR-Security-PUP-Block;IND05D;1;0;NO_PELIGROSO;8;0;0;0;0;0;0;0;0;0;0;1;0;0;0;0;0.6931471805599453;10;3;0
AnyDesk (1).exe;nan;FortiEDR-Security-PUP-Block;PC-TD008CHE;1;0;NO_PELIGROSO;15;1;0;0;0;0;0;0;0;0;0;1;0;0;0;0;0.6931471805599453;15;1;0
TeamViewer_Service.exe;nan;FortiEDR-Security-PUP-Block;PC-TD250VMOST01;2;0;NO_PELIGROSO;22;0;0;0;0;0;0;0;0;0;0;1;0;0;0;1;1.0986122886681098;21;4;0
OInstall.exe;nan;FortiEDR-Security-Malicious-Block;PC-TD060COR;1;1;PELIGROSO;12;0;1;0;0;0;0;0;0;0;0;1;0;0;0;0;0.6931471805599453;14;5;0
printfilterpipelinesvc.exe;nan;FortiEDR-Security-Suspicious-Block;PQ01R3ECASTILLO;1;1;PELIGROSO;26;0;1;0;0;0;0;0;0;0;0;1;0;0;0;0;0.6931471805599453;23;3;1
TeamViewer.exe;nan;FortiEDR-Security-PUP-Block;hherrera;1;0;NO_PELIGROSO;14;0;1;0;0;0;0;0;0;0;0;1;0;0;0;0;0.6931471805599453;7;0;0
powershell.exe;nan;FortiEDR-Security-Malicious-Block;HG-LAPTOP210;1;1;PELIGROSO;14;0;1;0;0;0;0;0;0;0;0;1;0;1;1;0;0.6931471805599453;13;3;0
RobloxPlayerBeta.exe;nan;FortiEDR-Security-Malicious-Block;LT-CDVES06;3;1;PELIGROSO;20;0;1;0;0;0;0;0;0;0;0;1;0;0;0;1;1.3862943611198906;11;0;0
SapSx.exe;nan;FortiEDR-Security-Malicious-Block;PNSA-SERVER;1;1;PELIGROSO;9;0;0;0;0;0;0;0;0;0;0;1;0;0;0;0;0.6931471805599453;9;4;0
calificacion_asistencia.exe;nan;FortiEDR-Security-Malicious-Block;PNSA-SERVER;6;1;PELIGROSO;27;0;0;0;0;0;0;0;0;0;0;1;0;0;0;1;1.9459101490553132;10;4;0
OInstall.exe;nan;FortiEDR-Security-PUP-Block;LT-CDVES01;1;0;NO_PELIGROSO;12;0;1;0;0;0;0;0;0;0;0;1;0;0;0;0;0.6931471805599453;16;1;0
java.exe;nan;FortiEDR-Security-PUP-Block;TEC01N;2;0;NO_PELIGROSO;8;0;0;0;0;0;0;0;0;0;0;1;0;0;0;1;1.0986122886681098;14;3;0
update.exe;nan;FortiEDR-Security-Malicious-Block;LT-ZONAL11;216;1;PELIGROSO;10;0;0;0;0;0;0;0;0;0;0;1;0;0;0;1;5.37989735354046;11;3;0
powershell.exe;nan;FortiEDR-Security-Malicious-Block;PTTCA15;1;1;PELIGROSO;14;0;1;0;0;0;0;0;0;0;0;1;0;1;1;0;0.6931471805599453;12;2;0
TeamViewer_Service.exe;nan;FortiEDR-Security-PUP-Block;PC-TD250VMOST01;1;0;NO_PELIGROSO;22;0;0;0;0;0;0;0;0;0;0;1;0;0;0;0;0.6931471805599453;22;0;1
AnyDesk.exe;nan;FortiEDR-Security-Suspicious-Block;PRESL28;64;1;PELIGROSO;11;0;0;0;0;0;0;0;0;0;0;1;0;0;0;1;4.174387269895637;14;3;0
AnyDesk.exe;nan;FortiEDR-Security-Suspicious-Block;QPGYESISPPALMA;20;1;PELIGROSO;11;0;0;0;0;0;0;0;0;0;0;1;0;0;0;1;3.044522437723423;12;5;0
taskhostw.exe;nan;FortiEDR-Security-Suspicious-Block;PC-TD241GON2;7;1;PELIGROSO;13;0;1;0;0;0;0;0;0;0;0;1;0;0;0;1;2.0794415416798357;8;4;0
Default32.sfx;nan;FortiEDR-Security-Malicious-Block;QECQYEFINANCIERO;1;1;PELIGROSO;13;1;0;0;0;0;0;0;0;0;0;0;0;0;0;0;0.6931471805599453;13;3;0
netsh.exe;nan;FortiEDR-Security-Suspicious-Block;QCTCLMANTJGUERRERO;1;1;PELIGROSO;9;0;0;0;0;0;0;0;0;0;0;1;0;0;0;0;0.6931471805599453;13;3;0
PDF_Architect_9_Installer.exe;nan;FortiEDR-Security-Malicious-Block;PQ01RTOMAYLLA;6;1;PELIGROSO;29;1;0;0;0;0;0;0;0;0;0;1;0;0;0;1;1.9459101490553132;16;1;0
winvnc4.exe;nan;FortiEDR-Security-PUP-Block;PC-TD184VMOST01;1;0;NO_PELIGROSO;11;1;0;0;0;0;0;0;0;0;0;1;0;0;0;0;0.6931471805599453;12;2;0
AnyDesk00b4.exe;nan;FortiEDR-Security-Malicious-Block;HG-LAPTOP81;1;1;PELIGROSO;15;1;0;0;0;0;0;0;0;0;0;1;0;0;0;0;0.6931471805599453;7;0;0
streamer.exe;nan;FortiEDR-Security-Malicious-Block;PNSA-SERVER;1;1;PELIGROSO;12;0;1;0;0;0;0;0;0;0;0;1;0;0;0;0;0.6931471805599453;20;5;0
core.exe;nan;FortiEDR-Security-Suspicious-Block;HG-LAPTOP64;4;1;PELIGROSO;8;0;0;0;0;0;0;0;0;0;0;1;0;0;0;1;1.6094379124341003;16;0;0
core.exe;nan;FortiEDR-Security-Suspicious-Block;HG-LAPTOP79;1;1;PELIGROSO;8;0;0;0;0;0;0;0;0;0;0;1;0;0;0;0;0.6931471805599453;9;2;0
streamer.exe;nan;FortiEDR-Security-Malicious-Block;PNSA-SERVER;1;1;PELIGROSO;12;0;1;0;0;0;0;0;0;0;0;1;0;0;0;0;0.6931471805599453;20;5;0
$RF38PHY.exe;nan;FortiEDR-Security-PUP-Block;PNSAL5CD4381KV2;3;0;NO_PELIGROSO;12;1;0;0;0;0;0;0;0;0;0;1;0;0;0;1;1.3862943611198906;10;0;0
AnyDesk3ebc.exe;nan;FortiEDR-Security-Malicious-Block;HG-LAPTOP51;2;1;PELIGROSO;15;1;0;0;0;0;0;0;0;0;0;1;0;0;0;1;1.0986122886681098;10;2;0
SapSx.exe;nan;FortiEDR-Security-Malicious-Block;PNSA-SERVER;1;1;PELIGROSO;9;0;0;0;0;0;0;0;0;0;0;1;0;0;0;0;0.6931471805599453;13;0;0
w11mdp.dll;nan;FortiEDR-Security-PUP-Block;LT-VCORP36;2;0;NO_PELIGROSO;10;1;0;0;0;0;0;0;0;0;0;0;1;0;0;1;1.0986122886681098;10;1;0
unlocker-setup.exe;nan;FortiEDR-Security-Malicious-Block;SRVGYEQPCTLVISITAS;1;1;PELIGROSO;18;0;0;0;0;0;0;0;0;0;0;1;0;0;0;0;0.6931471805599453;0;0;1
update.exe;nan;FortiEDR-Security-PUP-Block;PTTRQ22;1;0;NO_PELIGROSO;10;0;0;0;0;0;0;0;0;0;0;1;0;0;0;0;0.6931471805599453;6;3;1
TnQGwf.exe;nan;FortiEDR-Security-Malicious-Block;PQC01XIBACETA;1;1;PELIGROSO;10;0;0;0;0;0;0;0;0;0;0;1;0;0;0;0;0.6931471805599453;7;3;0
streamer.exe;nan;FortiEDR-Security-Malicious-Block;PNSA-SERVER;5;1;PELIGROSO;12;0;1;0;0;0;0;0;0;0;0;1;0;0;0;1;1.791759469228055;14;1;0
FortniteClient-Win64-Shipping_EAC_EOS.exe;nan;FortiEDR-Security-PUP-Block;LT-AUDIT07;1;0;NO_PELIGROSO;41;1;0;0;0;0;0;0;0;0;0;1;0;0;0;0;0.6931471805599453;22;0;1
$RVGF0E6.exe;nan;FortiEDR-Security-Malicious-Block;QECUIOCOMADICIONAL;2;1;PELIGROSO;12;1;0;0;0;0;0;0;0;0;0;1;0;0;0;1;1.0986122886681098;13;3;0
ingtransfpar.exe;nan;FortiEDR-Security-Malicious-Block;PNSA-SERVER;2;1;PELIGROSO;16;0;1;0;0;0;0;0;0;0;0;1;0;0;0;1;1.0986122886681098;22;3;1
powershell.exe;nan;FortiEDR-Security-Malicious-Block;PTGHM03;1;1;PELIGROSO;14;0;1;0;0;0;0;0;0;0;0;1;0;1;1;0;0.6931471805599453;8;1;0
$RF38PHY.exe;nan;FortiEDR-Security-PUP-Block;PNSAL5CD4381KV2;14;0;NO_PELIGROSO;12;1;0;0;0;0;0;0;0;0;0;1;0;0;0;1;2.70805020110221;10;4;0
powershell.exe;nan;FortiEDR-Security-Suspicious-Block;EQU001-025;4;1;PELIGROSO;14;0;1;0;0;0;0;0;0;0;0;1;0;1;1;1;1.6094379124341003;9;4;0
streamer.exe;nan;FortiEDR-Security-Malicious-Block;PNSA-SERVER;1;1;PELIGROSO;12;0;1;0;0;0;0;0;0;0;0;1;0;0;0;0;0.6931471805599453;20;5;0
wbcopytables.exe;nan;FortiEDR-Security-Malicious-Block;PNSAL5CD4381KPL;2;1;PELIGROSO;16;0;1;0;0;0;0;0;0;0;0;1;0;0;0;1;1.0986122886681098;15;4;0
elevation_service.exe;nan;FortiEDR-Security-Malicious-Block;HG-DESKTOP190;1;1;PELIGROSO;21;0;0;0;0;0;0;0;0;0;0;1;0;0;0;0;0.6931471805599453;18;4;0
streamer.exe;nan;FortiEDR-Security-Malicious-Block;PNSA-SERVER;1;1;PELIGROSO;12;0;1;0;0;0;0;0;0;0;0;1;0;0;0;0;0.6931471805599453;20;0;0
ObjPrnSvc.exe;nan;FortiEDR-Security-Suspicious-Block;AOTIC02;4410;1;PELIGROSO;13;0;1;0;0;0;0;0;0;0;0;1;0;0;0;1;8.39185670010494;7;3;0
pmls64.dll;nan;FortiEDR-Security-Malicious-Block;PQ01ECASTILLO;2;1;PELIGROSO;10;1;0;0;0;0;0;0;0;0;0;0;1;0;0;1;1.0986122886681098;8;1;0
streamer.exe;nan;FortiEDR-Security-Malicious-Block;PNSA-SERVER;1;1;PELIGROSO;12;0;1;0;0;0;0;0;0;0;0;1;0;0;0;0;0.6931471805599453;15;1;0
OInstall.exe;nan;FortiEDR-Security-PUP-Block;LT-MKT10;2;0;NO_PELIGROSO;12;0;1;0;0;0;0;0;0;0;0;1;0;0;0;1;1.0986122886681098;10;6;0
streamer.exe;nan;FortiEDR-Security-Malicious-Block;PNSA-SERVER;1;1;PELIGROSO;12;0;1;0;0;0;0;0;0;0;0;1;0;0;0;0;0.6931471805599453;0;5;1
WWILabel.exe;nan;FortiEDR-Security-Malicious-Block;PNSA-SERVER;1;1;PELIGROSO;12;0;1;0;0;0;0;0;0;0;0;1;0;0;0;0;0.6931471805599453;22;3;1
java.exe;nan;FortiEDR-Security-PUP-Block;ANTIVIRUS;90;0;NO_PELIGROSO;8;0;0;0;0;0;0;0;0;0;0;1;0;0;0;1;4.51085950651685;10;1;0
